date	title	news
2022/8/31	專家示警：美經濟恐衰退到2024	<p>美國經濟學家、前摩根士丹利亞洲區主席羅奇（Stephen Roach）指出，美國經濟最糟的狀況還未到，今年上半經濟呈現負成長，可能正預告一場持續到2024年的更嚴重衰退即將來臨。他提到，唯有出現「奇蹟」，美國經濟才能避免衰退。</p><p></p><p>受市場擔心持續大幅升息將把經濟帶入衰退深淵的衝擊，美股周二開小高盤後隨即又翻黑，道瓊工業指數下跌285點或0.9％，標普5百指數跌破4千點大關，大跌1.1％，那斯達克則摜破1萬2千點，跌1.2％。</p><p></p><p>羅奇周一接受CNBC節目訪問時指出，「隨著重大貨幣緊縮開始啟動，所帶來的後續影響使我們確定將有一場衰退。如今這些影響尚未完全浮現。」</p><p></p><p>羅奇表示，聯準會（Fed）主席鮑爾別無選擇，只能採取前主席伏克爾（Paul Volcker）的緊縮貨幣政策方法。1980年代初期，伏克爾為了遏止失控的通膨而激進地升息。</p><p></p><p>身為耶魯大學資深研究員、前Fed經濟學家的羅奇指出，「這將會重現當初伏克爾為壓制通膨使美國經濟承受的痛苦，當時失業率衝破10％。」</p><p></p><p>他說：「如今不要重蹈覆轍的唯一方式，就是鮑爾必須信守諾言，聚焦於紀律，讓實質Fed基金利率進入限制性區域。而目前我們距離限制性區域還很遠。」</p><p></p><p>在Fed急速調升利率之際，美失業率仍位在3.5％的1969年以來低點。不過本周五揭曉的8月就業報告，情況可能有所改變。</p><p></p><p>羅奇預測，失業率會開始上揚，未來將升至5％以上，甚至不排除衝破6％的可能。</p><p></p><p>他認為，最終的關鍵在消費者身上。有鑑於通膨居高不下，人們不久後就會屈服而緊縮開銷，消費者支出縮減將反映在更廣泛的經濟上，進而打擊就業市場，「預測經濟（國內生產毛額）累計萎縮約1.5∼2％，失業率至少增加1到2個百分點，這將是一般性衰退（garden variety recession）」。</p>
2022/8/31	經濟部揪超商挺國軍 憑證最高打5折	<p>九三軍人節到來，經濟部商業司與國防部合作，推出九三軍人優惠活動，包括四大連鎖超商、餐廳、伴手禮及外帶好味等通路店家給予打折或買1送1好康，像是7-11超商全品項打85折，其他大型連鎖餐飲MOS漢堡、欣葉集團等只要憑軍人證就給9折優惠。</p><p></p><p>過去經濟部並未配合進行軍人節商業促銷，這次特別大動作舉辦，表示是要向辛勞的三軍將士們致敬。</p><p></p><p>經濟部商業司找了四大超商1.3萬多個據點，提供商品打折優惠，其中7-11從9月2日到4日，出示軍人證全品項打85折；全家9月2日到4日間，特選多項商品祭出最低5折優惠，以及特定巧克力雪糕、特定鹼性水、多項飲料與零食等商品買1送1等優惠活動。</p><p></p><p>萊爾富9月3日軍人節當天，只要出示軍人相關證件就可享受特定優惠，例如大杯美式咖啡2杯55元、多項飲料加5元、10元多一件，最低折扣甚至買1送1。</p><p></p><p>OKmart則是9月3日到5日期間，只要出示軍人證、福利證或穿正式軍裝3選1，享購買大杯美式咖啡買1送1優惠，指定飲料最優特價6折。</p><p></p><p>伴手名品新東陽有品牌產品打9折，MOS漢堡、欣葉集團推出憑證9折優惠、饗賓集團旗下5大品牌也提供多種優惠，包含消費93折或滿千送禮。</p><p></p><p>其他尚有鬥炙原味炙燒牛排、聚德家豐味鍋物、丐幫滷味、Nice Nine雙醬咖哩等多家連鎖餐飲，憑軍人證到店消費享專屬優惠。</p>
2022/8/31	刺激經濟 大陸投資2100億人民幣基礎建設	<p>中國國家開發銀行近日表示，截至8月26日，國開基礎設施投資基金已簽約422個項目、合同金額2100億元（人民幣，下同）。上周末，大陸國務院穩住經濟大盤督導和服務組也在鄭州召開現場辦公會，針對基礎設施、重點工程、民生保障等項目建設開展現場協調和服務。</p><p></p><p>據《科創板日報》報導，累計投資2100億元的國開基礎設施投資基金，是國開行今年7月分設立的專門支持重大項目建設的開發性金融工具。重點支持網路型基礎設施等五大基礎設施重點領域，以及重大科技創新、職業教育等領域的422個項目。</p><p></p><p>廣科諮詢首席策略師沈萌表示，作為國家政策性銀行，國開行設立投資基金，有利於推動和保障國家對於基礎建設政策的實施，讓資金落實到最後具體環節。「而重大科技創新也同樣是新型基礎設施投資的支持保障目標，職業教育則是配套進行新型基礎設施對高素質人力資源需求的服務。」</p><p></p><p>在沈萌看來，目前中國極度缺少高素質職業人才，導致無法推動經濟、特別是工業轉型升級，或者說即使推進新型基礎設施項目建設，也缺少配套的專業技術人才。因此，政策性資金在職業教育上進行投資，顯得尤為重要，代表性也最強。</p><p></p><p>至於科技創新，沈萌認為，科技創新是一件長周期之事，而政策性銀行的定位和作用，就是進行長周期基礎性的科技創新支持。</p><p></p><p>報導稱，在基礎設施投資上，政策性基金出資13.07億元，支持山西省呼北國家高速公路山西離石至隰縣段工程項目和河南安陽豫東北機場項目，而這是國開基礎設施基金有限公司成立後完成的首批投放。</p><p></p><p>國開基礎設施基金有限公司成立於今年7月，主要加大對企業的信貸支持。該支基金由國開行100％持股，張輝為法定代表人。除國開基礎設施基金以外，張輝還是國開發展基金的法定代表人，並且與前者一樣均是國開行100％持股。</p><p></p><p>對於國開基礎設施基金誕生的目的，國開行曾表示，要用好政策性銀行新增信貸和基礎設施建設投資基金，助力穩經濟大盤。</p><p></p><p>報導稱，在剛剛發布的國開行上半年6212億元新增貸款報告中，能源、交通、水利、地下綜合管線等基礎設施，均是國開基礎設施基金長期信貸支持的對象。此外，國開行還發行了120億元綠色金融債券，專項支持長江流域生態系統保護和修復。</p>
2022/8/31	DEPA宛如數位版WTO 陸學者籲：應盡早加入主導規則制度	<p>《數位經濟夥伴關係協定》（DEPA）日前決定成立中國加入DEPA工作組，北京大學經濟學院教授曹和平表示，DEPA有點像是數位版的世貿組織（WTO），中國數位經濟規模和技術都有一定國際競爭力；中國一定要盡早積極加入，應該成為規則的發起國，而不是規則的跟隨國。</p><p></p><p></p><p></p><p>曹和平在大陸觀察者網撰文指出，近年，數位經濟為世界經濟發展增添新動能。2021年，全球47個國家數位經濟增加值規模為38.1兆美元，同比名義增長15.6％，占GDP比重為45％。規模上，美國數位經濟位居世界第一，規模達到15.3兆美元，中國位居第二，規模為7.1兆美元。</p><p></p><p></p><p></p><p>他稱，2021年，大陸數位經濟規模為45兆元，占國內生產總值比重為39.8％，年均增速高達15.9％，對GDP的平均增長貢獻大約在1.5個百分點。按照現在速度，預測在2027年，數位經濟占比將超過大陸國內生產總值一半，達到51％。</p><p></p><p></p><p></p><p>曹和平認為，數位經濟占世界經濟比重約45％，各國亟需建立數位經濟夥伴關係來規範數位貿易，對後續可能出現的仲裁、對接、稅收等情況制定規則，溝通越順暢，可信度越高，交易成本就越低。對此，中國外貿企業必須加快產業數位化，數位經濟貿易將成為未來主要趨勢。</p><p></p><p></p><p></p><p>他也提醒，隨著數位經濟發展壯大，勢必壓縮傳統外貿的利潤，企業能夠出口的產品和服務也會減少。外貿企業要學會數位化升級，瞭解數位經濟，參與數位經濟，學習數位經濟，團隊做好數位化知識的準備。</p><p></p><p></p><p></p><p>曹和平強調，DEPA是全球首個涵蓋數位經濟問題的專項協定，DEPA有點像是數位版的WTO，現在處於前身或者醞釀階段，目前是夥伴關係，後續可能成為常設機構，發展為多國參與組織、管理和運營，這樣一來，DEPA的生命力就很強了，很有可能是數位世界貿易組織的初期形式。</p><p></p><p></p><p></p><p>他呼籲，中國一方面積極申請加入DEPA，另一方面應該快速發展數位經濟價值化的技術─採集、存儲、計算、管理、應用，中國應該儘早做出來流程，形成模式，把它們以智慧財產權的方式進行貿易，不僅將數位資源價值化，更要在數位處理技術上領先，不僅貢獻中國模式，還能貢獻中國領先的數位處理技術。</p>
2022/8/31	SEMI：2028年全球汽車電子市場規模破4千億美元	<p>全球汽車電子、車用晶片發展備受關注，SEMI預估到2028年，全球汽車電子市場規模將突破4000億美元，年複合成長率達7.9％，SEMI全球行銷長暨台灣區總裁曹世綸指出，汽車科技的發展，勢必是朝向智慧化及電動化方向前進，從引擎到電源晶片，相關製造仰賴半導體晶片以及相關電子零件的需求日漸提高。</p><p></p><p></p><p></p><p>曹世綸說，協助台灣業者加速市場開發，SEMI將持續積極廣納全球資源、連結汽車產業鏈，以有效平衡車用晶片的有限產能，優化供需兩端、強化供應鏈韌性。</p><p></p><p></p><p></p><p>SEMICON Taiwan 國際半導體展首度於今年推出「全球汽車晶片高峰論壇」，將於9月14日攜手經濟部與福斯汽車、電裝 (Denso)、佛吉亞 (FORVIA Faurecia)、博世 (BOSCH)、鴻海科技集團、英飛凌 (Infineon)和瑞? (Renesas)、日月光半導體等國際級企業，以「晶片，驅動汽車產業顛覆式創新」為題，鏈結全球車用半導體與汽車產業生態圈，探討產業發展趨勢與車用創新智能解決方案、掌握新世代商機。</p><p></p><p></p><p></p><p>經濟部部長王美花表示：「台灣是全球半導體最重要的製造基地之一，匯聚全面的產業供應鏈，一直以來充分支援著各國的半導體設計與製造需求，與各國合作形成緊密互惠互利的國際生態圈，也造就了現今證實最有效的生產模式。經濟部藉由擔任SEMICON Taiwan 2022 全球汽車晶片高峰論壇的指導單位，盼與SEMI攜手整合台灣供應鏈資源，全力推動產品開發及創新技術進程，藉以繼續鞏固台灣之於全球的關鍵地位。」</p>
2022/8/31	Q4升息有望趨緩 有利REITs反攻	<p>REITs產業負債比來到歷史低點，升息對REITs影響已不如過往，法人指出，預期第四季聯準會積極升息動能將趨緩，有利REITs展開反攻。</p><p></p><p>路博邁投資也表示，REITs具有些特性，在經濟成長活絡的環境，房地產常可締造良好表現；在經濟成長下行的環境，房地產具防禦性；而在物價飆漲的環境，房地產可抗通膨。因此，若投資人擔心經濟成長趨緩、通膨居高不下及可能伴隨而來的龐大不確定性，基於各項特性，將使得REITs更顯吸引力。</p><p></p><p>元大全球不動產證券化基金研究團隊表示，目前全球REITs殖利率仍有3.9％的水準，受疫情影響的部分行業如零售、辦公室等，普遍的股利發放率皆低於長期平均。</p><p></p><p>預期未來將陸續恢復股利配發政策，也是REITs市場的利多，以長期投資角度而言，評價上升空間值得市場期待。</p><p></p><p>REITs市場的中長期趨勢雖未改變，相對高通膨的環境將維持更長一段時間，加上疫後復甦題材仍未完全發酵，都將持續推動不動產資產價格上揚的表現。</p><p></p><p>台新北美收益資產證券化基金經理人李文孝同樣表示，雖然股市表現仍受到升息所干擾，但估計第三季通膨見高機率大，因大宗商品已高檔回落超過10％，實體面物價遞延一季左右，而且在過去十年內，REITs在歷經去槓桿與資本累積下，整體財務體質更為強勁，REITs產業負債比亦來到歷史低點，升息對REITs影響已不如過往。</p><p></p><p>法人認為，第四季聯準會積極升息動能將趨緩，有利REITs展開反攻，建議逢低分批布局美國REITs。</p>
2022/8/31	《國際經濟》日7月經濟數據優 工業生產連2增、零售銷售連5升	<p>日本上個月景氣不差，除了零售銷售連5個月上揚外，工業生產也連續兩個月增加，雙雙跌破市場眼鏡。</p><p></p><p>在日本汽車以及一般機械設備產量提升下，經季節性因素調整後的當地7月工業生產，月增1%，比市場預估會減少0.5%要好很多，但明顯較6月成長9.2%要遜色不少。</p><p></p><p>專家學者認為，沒想到被看衰的日本7月工業生產，月增率還會上升，其中最大功臣就是汽車，還有用來生產其它產品供民眾消費的資本財，像是車床或電器設備等。而從2022年春天開始，中國大陸嚴格抗疫加上半導體與零組件短缺，一些供應鏈斷鏈問題似乎有解。</p><p></p><p></p><p></p><p>與6月大增11.6%相比，7月電子零件與裝置的產量卻大降9.2%，主要是記憶體晶片產出下降。同時，減幅也創下自2013年2月此資料開始編撰以來最大。</p><p></p><p>30日，全球銷售量最多的汽車製造商豐田汽車表示，自己7月全球汽車產量年減8.6%，已連續4個月未達標。不過，經日本政府查訪後，當地製造業者樂觀認為，8月產出可望增5.5%，9月也應該可望再成長0.8%。</p><p></p><p>另外，日本7月零售銷售優於預期，年增2.4%且寫下連5個月上揚的佳績。同時，也比市場預估值1.9%要好。其中，得歸功於各項藥品，以及盥洗用品熱銷。</p><p></p><p></p>
2022/8/31	《國際經濟》英國零售商品價揚 通膨明年初見頂	<p>英國零售商協會(BRC)在周三指出，截至今年八月底的12個月中，英國商店和超市的商品價格上漲5.1%，為2005年有該紀錄以來最大漲幅，反映出俄烏戰爭帶來的食品成本飆升。</p><p></p><p>BRC說，戰爭推升了動物飼料、化肥、小麥和植物油的價格，讓牛奶、奶油、薯片等價格上漲，導致八月食品價格上漲9.3%；而在七月則為上漲7.0%。</p><p></p><p>負責編制該調查的Mike Watkins說，預計食品價格還會上漲6個月，但供應鏈中的部分成本壓力可望開始緩解。「然而隨著能源成本再度飆升，今年秋季可支配所得將進一步下滑，零售支出在第四季將面臨壓力」。</p><p></p><p>自去年12月以來，英國央行已經升息六次。英國央行正在關注通膨會持續多久。</p><p></p><p></p><p></p><p>另外高盛經濟學家在周二指出，如果天然氣價格降不下來，英國明年初的通膨將見頂超過20%，達到22.4%。</p><p></p><p>英國能源監管單位在上周指出，十月起家庭的能源帳單將增加80%，百萬個貧困家庭機陷入燃料困境，企業也會處於風險中。</p><p></p><p>花旗經濟學家在上周也提出類似預測，認為英國明年一月的CPI將見頂，達到18.6%，為英國央行目標的9倍多。</p><p></p><p></p>
2022/8/31	《國際經濟》能源危機加劇 俄羅斯再斷氣72小時	<p>俄羅斯最新宣布，從周三開始繼續暫停北溪一號對歐洲的天然氣輸送。此決定再次升高了德國陷入衰退和實行能源配給制的風險。</p><p></p><p>俄羅斯天然氣工業(Gazprom)稱，北溪一號進行維護，從8月31日(周三)當地凌晨2點到9月2日凌晨2點將不會有天然氣輸出。</p><p></p><p>Gazprom上周宣布北溪一號進行三天維修，原定在本周三(31日)清晨恢復營運。</p><p></p><p>歐洲各國政府此前一直擔心俄羅斯將延長中斷供應的時間。</p><p></p><p>與七月時進行10天的維修工作不同，此次的維修工作是由Gazprom執行，而不是由西方國家的北溪公司(Nord Stream AG)進行。</p><p></p><p>Gazprom說，需要對管線中的壓縮機進行維護保養，因此需要停機。</p><p></p><p></p><p></p><p>自俄羅斯在烏克蘭發起軍事行動以來，俄羅斯完全切斷了對保加利亞、丹麥、芬蘭、荷蘭和波蘭的天然氣供應，並透過其他管線減少了天然氣供應。</p><p></p><p>北溪一號經由波羅的海通往德國，是俄羅斯天然氣輸往德國的最重要管線。</p><p></p><p>此進一步的限制供應，將導致能源危機進一步加劇。歐洲能源危機已使天然氣批發價格飆升逾400%，並給消費者和企業帶來痛苦的生活成本危機，並迫使各國政府花費數十億美元減輕負擔。</p><p></p><p></p>
2022/8/31	經濟受Fed放鷹拖累恐衰退 資金流入債券資產	<p>雖然美國7月通膨回落，但聯準會（Fed）鷹派升息態度堅定，經濟衰退擔憂，資金流入固定收益市場，統計過去一周整體固定收益型ETF淨流入20.85億美元，以美國、全球與歐洲分別獲16.79億美元、4.15億美元與2.67億美元淨流入，新興市場與新興市場當地貨幣債遭淨流出0.22億美元與0.66億美元。</p><p></p><p>以投資信評類別觀察，投資級固定收益ETF獲淨流入54.93億美元，非投資級固定收益ETF遭淨流出32.17億美元。另就美國投資公司協會（ICI）資料，截至8月24日美國貨幣基金規模為4.57兆美元，較前一周增加0.18％。</p><p></p><p>富蘭克林坦伯頓穩定月收益基金經理人愛德華．波克表示，Fed主席鮑爾這次演說，對提高Fed信譽和有效性邁出重要一步，意味未來即使失業率上揚，也不會改變控制通膨的決心。通膨環境與金融市場對更加鷹派政策的反應，使得經濟成長前景看法進一步下調。</p><p></p><p>但目前嚴峻的市場環境，使得焦點放在風險上，卻忽略市場波動下，其實仍潛藏上檔投資機會，例如高品質、營運模式具備防禦性，及獲利、現金流與股利穩定的企業。</p><p></p><p>美盛全球多重策略基金經理人肯尼思·里奇指出，鮑爾重申將採取行動降低通膨的決心，綜合其他官員談話，點出未來貨幣政策的兩個方向，一是未來升息步伐可能放緩，二是相較於持續升息直至通膨降至2％，Fed官員傾向將利率調升至限制性水準後維持在高檔一段時間。</p><p></p><p>儘管通膨仍具挑戰，預料後續將顯著趨緩，主要央行緊縮程度，可能不需如市場預期那麼大，料成熟國家公債殖利率，將低於或持平於目前水準，極端的利率波動期可能已過，利率波動趨緩下的債市投資機會仍不看淡。</p>
2022/8/31	《國際經濟》汽油價跌回俄烏戰前 美國人加油壓力緩解	<p>周二美國汽油批發價格跌回了俄羅斯入侵烏克蘭之前的價位，意味著未來幾周其民眾在加油時的壓力可望進一步緩解。</p><p></p><p>周二美國汽油期貨價格收在每加侖2.6944美元，創下2月18日來新低。美國是全球最大的汽油消費國。</p><p></p><p>俄羅斯總統普丁在今年2月24日清晨發表全國電視演說，以「去軍事化」和「去納粹化」為名對烏克蘭發動「特別軍事行動」，正式揮軍入侵烏克蘭。隨之而來的一連串國際制裁則帶動整個能源市場的價格創下多年新高。</p><p></p><p></p><p></p><p>能源成本向來是推升全球通膨的主要原因。美國汽油期貨在6月初升至每加侖4.31美元，創下歷史新高。根據美國汽車協會（AAA）的數據，兩周後、在6月中旬零售汽油價格便站上了5.016美元，亦創下歷史新高。</p><p></p><p>惟隨著夏季接近尾聲、需求持續下滑，汽油價格也開始回落。Again Capital LLC合夥人John Kilduff表示，從現在起需求只會惡化。</p><p></p><p>此外，全球經濟可能陷入衰退，以及國家戰備儲油以前所未見的規模緊急釋油，亦有助於抑制急升的原油和汽油價格。</p><p></p><p>與6月創下的歷史高點相比，美國汽油批發價格已下滑37%，而零售價格下跌23%。每個州的汽油價格都在走跌，其中以中西部地區跌最多。</p><p></p><p></p>
2022/8/31	7月製造業景氣燈號連5黃藍燈 信號值今年最低	<p>全球經濟下行壓力升溫，外銷訂單由正轉負，突顯出全球終端市場需求疲軟，直接影響台灣製造業的景氣。台灣經濟研究院31日公布7月製造業景氣概況，製造業景氣信號值由上（6）月的12.18分，減少0.30分至本月的11.88分，燈號續為代表景氣低迷的黃藍燈。</p><p></p><p>上述信號值11.88分為今年各月的最低值，且連續5個亮出黃藍燈。</p><p></p><p>台經院景氣預測中心分析，全球通膨壓力未減，影響歐美國家的經濟表現，中國堅持清零封控衝擊其產銷活動，加上房地產持續低迷，為全球供應鏈及需求帶來更多不確定性。</p><p></p><p>國內製造業雖然受惠新興科技應用與數位轉型推展，支撐進出口續呈雙位數成長，仍然不克全球經濟下行壓力升溫，全球終端市場需求疲軟，外銷訂單衰退。台經院調查廠商看法，製造業廠商仍多看壞未來半年景氣表現。</p><p></p><p>台經院提醒，下半年經濟成長存有許多變數，主要有三大部份特別謹慎因應：一、中國近來的南旱北澇現象，衍生為限電的不定期發生，影響工業生產不確定性；二、俄烏戰事持續，國際農工、能源價格仍維持高檔震盪整理，通膨壓力未能有效壓抑，恐影響終端消費力；三、北半球極端氣候酷暑現象，歐洲河運受阻影響原物料及化工產品運輸、乾旱造成酪農減產、電價上漲等問題。</p>
2022/8/31	全球股基金 寵物、永續主題熱	<p>過去三個月，根據理柏資訊顯示，環球股票基金前30強不但繳出逾7％表現，在主題上也涵蓋多種主題，包括：顛覆式創新、全球機會、永續、再生能源與寵物新經濟等，相當多元。</p><p></p><p>法人表示，很多投資機會都是來自生活長期主題持續翻新與社會結構改變。以寵物主題為例，寵物指數與美國公債、拉美市場、能源及東南亞等領域相關性低，可適度納入投組，強化分散效果，提高多樣性及投資效率。</p><p></p><p>從投資趨勢來看，近年來主題式投資的抬頭也凸顯策略不再侷限於特定產業或區域，跨產業趨勢等主題式基金，更有助於掌握各類顛覆式創新所帶來的各種輪動機會。</p><p></p><p>以寵物經濟為例，近十年來寵物經濟規模持續穩步向上，周邊產業商機也成為人口結構改變及後疫情下的另一個亮點。回頭去看寵物經濟發展的脈絡，在寵物經濟背後的長期驅動力，主要是有銀髮族、千禧世代及新興市場飼主和寵物市場的影響力。受惠於全球人口結構、寵物與飼主的關係愈趨親密，加上疫情後、生活作息改變的推波助瀾，飼主對於寵物的支出金額日益上升。</p><p></p><p>法人表示，在這股趨勢抬頭下，與寵物商機息息相關的，包括核心消費中的家用商品及食物；醫療健護如寵物相關的醫療服務、製藥及醫療設備；非必須消費中的線上零售；金融相關的寵物保險等，都是寵物新經濟可以投資的範疇。</p><p></p><p>隨寵物逐步躍升為家庭的一份子，且無論經濟狀況如何，寵物仍都需日常食品、醫療保健和保險，加上核心消費較少受景氣影響，布局領域亦跨越跨多種產業，更有機會參與更多新興產業成長機會及併購，亦可因應循環性通膨壓力、掌握長線增值潛力。</p><p></p><p>富蘭克林證券投顧表示，美國面臨高通膨、貨幣政策緊縮及經濟成長放緩的環境，整體基本面不確定性仍高，建議投資布局攻守兼備，以採取靈活配置策略的美國價值平衡型基金為核心，股票投資建議採取分批加碼及定期定額策略介入，看好基礎建設及公用事業產業兼具抗景氣循環和政策做多利基，科技和生技產業型基金短線波動仍大但長期創新趨勢正向，維持定期定額策略。</p>
2022/8/31	龔明鑫：十年引進40萬海外人才	<p>國發會主委龔明鑫30日在「人才永續國際論壇」表示，隨著老化，工作年齡人口快速下滑，台灣需要引進更多海外人才，來協助產業發展，依國發會與教育部、經濟部等部會達成的共識，未來十年要引進海外人才40萬人。</p><p></p><p>龔明鑫應邀在「天下學習 X Cheers 2022人才永續國際論壇」演講，他表示，人才關注的第一是舞台，第二是薪水，過去代工的年代，為尋求低成本，人才、投資都往外流，自2016年起政府藉由5+2產業為人才創造舞台，尤其是數位轉型人才，他強調，如今很多物聯網（AIoT）、智慧城市所提供的薪水，都比台積電的薪水高非常多。</p><p></p><p>龔明鑫指出，上周國發會公布人口推估，未來幾年老年人口將快速增加，工作年齡人口（15∼64歲）也將快速下降，我國將面臨人力不足的問題，為此國發會與教育部、僑委會、經濟部及勞動部研議，未來十年將引進40萬海外人才。</p><p></p><p>如何讓攬才人數目標40萬達標？龔明鑫表示，政府正循三個方向推動，第一循外國人才專法，給予外國特定專業人才就業金卡，讓他們三年內可隨時進出台灣，以吸引人才留台。第二，讓更多僑外生留台，目前一年僑外生（學位生）畢業人數1萬多人，未來希望能達到4萬，如果60％留下，每年便有2∼3萬人留在台灣，十年就有20∼30萬。第三，外籍移工有許多人很優秀，他們可以在工作後半工半讀留下來，也可以成為中階技術人力留台。</p><p></p><p>龔明鑫表示：「國發會、教育部等部會在引進海外人才的心態上已經改變，大家都有個認知，就是歡迎所有希望到台灣打拚的人才。」</p><p></p><p>國發會官員表示，國發會、教育部、勞動部、經濟部、僑委會五首長自去年起定期研議「人口移民政策」，總計已召開七次會議，這一攬才人數目標40萬，即五首長會議拍板的。</p>
2022/8/31	政策利率再下調 盛松成：可能性不大	"<p>大陸經濟復甦不如預期，市場關注貨幣政策是否繼續維持寬鬆。中國人民銀行調查統計司前司長盛松成30日表示，目前大陸經濟恢復和放緩並存，但預期持續下調政策利率的可能性不大。</p><p></p><p>證券時報報導，中歐國際工商學院教授盛松成出席第二屆中歐資管論壇演講時表示，雖然近日人行下調了中期借貸便利（MLF）和逆回購利率，但降息幅度有限、操作規模明顯縮減，既支援實體經濟，也抑制資金空轉。隨著政策利率下調，8月貸款市場報價利率（LPR）也採取非對稱降息，此舉有助激發企業和居民中長期貸款需求，也可減輕居民還貸壓力，緩解房地產業困難。</p><p></p><p>盛松成分析，過往逆回購平均操作規模都在人民幣（下同）百億元以上，但7、8月份的平均規模只有40億元和20億元，可見市場資金充裕。他認為，7月信貸收支的人民幣貸款增加6,790億元，而社會融資的人民幣貸款金增加4,088億元，兩者相差高達2,702億元，代表商業銀行很多貸款實則流入金融體系而非實體經濟，形成某種程度上的「資金空轉」。</p><p></p><p>他進一步解釋，7月份票據融資較上年同期多增1,365億元，占當月人民幣貸款增量的46.2％。這表明實體經濟貸款需求不振，銀行必須透過票據貼現完成貸款指標。資金充裕之下若再下調政策利率，可能刺激金融機構「借短買長」，甚至導致高等級信用債與10年期國債殖利率倒掛。</p><p></p><p>此外，也可能導致企業以較低成本發債後，並沒有擴大生產與投資的動力，而是將融到的錢轉手投資於銀行高收益的理財和結構性存款等產品，反而對實體經濟不利。因此他認為繼續下調政策利率的可能性不高。</p>"
2022/8/31	離岸風機安裝 年底拚200座	<p>受到疫情影響，打亂全球離岸風電建設期程。經濟部30日表示，累積至29日已完成今年第100座風機安裝，加上過去完成43座，累計已完成143座風力機，朝年底突破累計200座目標前進。</p><p></p><p>經濟部說，離岸風電進入密集施工階段，去年底已經完成兩座示範風場共43座風力機，力拚今年200座的目標，才能達成2025年離岸風力裝置容量達5.6GW以上，以確保電力供應穩定，兼顧降低空污及減碳，達成能源轉型目標。</p><p></p><p>據資料顯示，今年有四個開發商風場正積極施工，包含沃旭大彰化風場、CIP彰芳一期風場、達德能源允能風場、上緯新能源SRE、捷熱能源、麥格理共同合資的海能風場，預估今年底台灣海峽累計可設置達200座以上。</p><p></p><p>經濟部強調，風場建置成功吸引國際知名開發商來台投資，也建立離岸風電產業園區與水下基礎、塔架、鑄件、機艙罩等生產基地，同時吸引全球兩大風力機設備大廠（Siemens Gamesa與Vestas）在台建置亞洲第一個風力機機艙組裝廠、建立亞洲最大葉片生產基地。也促成跨國合資設置海事工程公司，其中Green Jade更是台灣首艘可用於離岸風電全迴旋大型浮吊船，風電產業供應鏈與相關自主技術能量逐漸到位。</p><p></p><p>經部說，預計至2035年離岸風電將達20.6GW，給國內企業強大綠能後盾，因應RE100綠電需求，打進國際競爭市場。</p>
2022/8/31	越股基本面優 長線有潛力	<p>受到全球股市明顯回檔整理影響，越股今年來也同步拉回，近月已止跌並持續反彈中，儘管越股短期不免會受美股及全球股市走勢干擾，但法人表示，就中長期角度觀之，越股基本面佳、具潛力，且往年第四季通常為越股傳統旺季，歷年平均季報酬率為全年最高，逢回可布局。</p><p></p><p>對於越股後市展望，中國信託越南機會基金經理人張晨瑋表示，從流動性觀察，越南指數自8月開始，已漸脫離前七月低氣壓，惟近期仍受全球經濟與消息面影響而震盪；長期來看，因越南基本面良好、政策刺激發上加上本益比偏低，對投資人而言相當值得布局。</p><p></p><p>根據世界銀行的預測，越南製造業的韌性及服務業的強勁反彈，成為越南經濟復甦的驅動力，預估越南今年GDP成長率將來到7.5％、明年為6.7％。張晨瑋指出，目前越南政府不斷祭出利多政策刺激經濟及激勵當地發展，長期來看是越南是相當具爆發力的國家，因此看好其後市表現。</p><p></p><p>日盛越南機會基金研究團隊表示，越南股市在今年前七月充分反映了利空消息而走弱，8月以來出現亮眼反彈，至8月29日約有6％的漲幅，相較其他亞洲國家股市漲幅更加突出。</p><p></p><p>目前的越南經濟基本面仍然強勁，越南工商部預期若第三季及第四季工業生產指數分別上漲9.8％和10.3％，加上上市公司利潤，預計將保持良好增長，企業第三季的業績成長表現或將遠超市場預期，股市表現仍可期。</p><p></p><p>富邦投信統計2007∼2021年富時越南30指數平均月報酬，發現越股淡旺季效應顯著，往年第一季皆為淡季，歷年平均季報酬率僅1.5％，為全年最低；第四季則為傳統旺季，歷年平均季報酬率達7.2％，為全年最高。</p><p></p><p>富邦越南（00885）ETF經理人楊貽甯楊貽甯指出，目前越股已重回到季線之上，流動性回升至三個月水平，越股歷經前波修正後，短線再大跌機率不高，長線看好投資潛力。</p>
2022/8/30	《國際經濟》歐元區8月經濟信心下滑 遜於預期	<p>周二官方公布的資料顯示，歐元區八月的經濟信心下跌，超過預期。工業和服務業的信心滑落，拖累主要指數；而消費者、零售業、營建業的信心則轉好。</p><p></p><p>歐盟執委會每個月調查的經濟信心指數，七月下修為98.9，八月則來到97.6，表現遜於路透調查經濟學家預期的98.0。</p><p></p><p>工業部門的信心則從七月的3.4跌到1.2；服務業則從10.4跌到8.7。</p><p></p><p>同時之間，八月的消費信心從-27.0改善到八月的-24.9；零售業則從-7.1回升到-6.3。</p><p></p><p>製造業的通膨預期則從七月的45.3降到43.7，並且延續了自四月59.3見頂以來的逐漸下滑趨勢。</p><p></p><p></p><p></p><p>消費者對於未來12個月的通膨壓力也有所降低，消費者通膨預期從七月的42.7降到36.8，也遠低於三月歷史高點的62.8。</p><p></p><p></p>
2022/8/30	《國際經濟》俄羅斯經濟衝擊較預期輕 今年通膨率約12%	<p>俄羅斯副總理Andrei Belousov在周一指出，2022年俄羅斯經濟將萎縮不到3%，萎縮程度較預期的輕許多，通膨率也低於原先預期。</p><p></p><p>由於西方制裁行動，俄羅斯經濟受到衝擊。但事實證明，經濟影響不像當初設想的那般嚴重。</p><p></p><p>副總理說，俄羅斯今年GDP將跌到萎縮略微超過2%，到2023年則會萎縮不到1%。</p><p></p><p>上一次在八月中旬的預測為今年經濟萎縮4.2%。而更早時候俄羅斯一度警告，今年經濟將下跌超過12%，為20世紀90年代蘇聯解體以來的經濟最大降幅。</p><p></p><p>Belousov說，儘管受到前所未有的西方制裁，許多外國公司也紛紛離開俄羅斯，但政府沒有看到勞動力市場狀況惡化的跡象。</p><p></p><p></p><p></p><p>俄羅斯六月失業率為3.9%，為自1992年以來最低水準。</p><p></p><p>副總理也說，此前盧布貶值到歷史低點之時，通膨在四月飆升到17.8%。但現在預估全年通膨率在12%至13%之間，低於此前預估。另外由於政府對西方產品的「平行輸入」計畫，消費性產品的進口出現反彈。</p><p></p><p>副總理說，進口是一個關鍵問題，因為西方限制俄羅斯進口，是整體制裁俄羅斯的主要邏輯之一。</p><p></p><p>此外隨著俄羅斯失去進入歐洲市場的管道，今年非商品出口將下降17%。不過，由於有了新的貿易路線和平行進口，消費品進口幾乎已經恢復。</p><p></p><p></p>
2022/8/30	德國敢脫鉤大陸？專家警告若做這件事 經濟就會完蛋了	<p>上周傳出德國聯邦政府有意收緊企業對外投資的擔保政策，引發德國對大陸的經濟政策出現改變的聯想，有專家認為，若德國真的對投資大陸採取限制措施，德國經濟將遭遇巨大打擊，尤其在汽車、機械製造及化工領域。</p><p></p><p></p><p></p><p>德國商報引述6名高級官員的說法指出，經濟部希望大幅縮緊提供給德國企業對外投資的擔保規模與規定，甚至已經有具體方案流出，針對每個企業與每個投資國家的擔保金額都會設上限。此前，德國政府為了扶植企業跨足國際，提供直接擔保選項，讓德國企業能擁有更多資源。</p><p></p><p></p><p></p><p>在此背景下，大陸成為許多德國企業相當依賴的市場與生產地，但隨著近年地緣政治風險升溫，德國政府呼籲企業降低仰賴單一國家的比重。報導提到，德國政府認為自己被迫干預企業對大陸的投資，主要是企業界雖承諾不仰賴大陸，但背後卻經常做出相反的舉動，今年上半年，德國企業在歐洲的投資金額就高達100億歐元。</p><p></p><p></p><p></p><p>儘管如此，大陸官媒環球時報引述不具名專家的看法表示，如果德國政府真的對投資採取限制措施，那麼德國的經濟將會受到巨大打擊，尤其是汽車、機械製造與化工等領域，因此他認為，德國對大陸的政策或許會出現改變，但不至於走到對立面。</p><p></p>
