,title,body,publish_time
0,《其他股》裕融上半年ROA、ROE雙揚 第三季EPS上看3.67元(2-2),<p>裕融(9941)第二季營收、毛利均在財測上緣，營業利益超出財測，稅前淨利、歸屬於母公司綜合利益、每股盈餘則略遜於財測。為強化公司治理，提升資訊透明度，裕融依「證券交易法」第36-1及「公開發行公司公開財務預測資訊處理準則」規定自願公開財務預測，並以按季公告為之。</p><p>  裕融2022年第3季財務預測，營業收入86.97~96.12億元，季減2.59%~季增7.66%、年增7.63%~18.95%；營業毛利50.80~56.14億元，季減2.69%~季增7.55%、年增13.81%~25.79%；營業利益28.31~31.29億元，季增1.38%~12.05%、年增8.31%~19.71%；稅前淨利22.66~25.04億元，季增9.47%~20.99%、年增20.16%~32.81%；歸屬於母公司綜合利益16.22~19.82億元，季增43.58%~75.49%、年增20.07%~46.75%；每股盈餘3.45~3.67元，可望相較今年第二季2.78元、去年同期3.00元成長，並回到第一季水準。</p><p>　而關於新安東京海上產險上半年六月底公告認列損失293億元，已經採取比較保守原則認列。實務狀況要持續再觀察，包括確診數字、政府政策等都是不確定性因子。</p><p>　增資在3月董事會通過，現金增資會因應營運發展、改善結構，增資繳款於8月25日已經繳足，公司111年現金增資發行普通股5000萬股，每股發行價格新台幣150元，實收股款總額新台幣75億元，業已全數收足，並訂定111年8月26日為現金增資基準日，預定股款繳納憑證上市日期為111年8月31日。而增資用途會用於先償還銀行借款，預計年底負債淨值比會降到八倍以下水準；現增對整體今年利息費用影響約減少2900萬元，全年EPS可望提升約0.2元。</p><p>　東南亞擴展進度上，由於菲律賓疫情反覆，汽車交易冷淡狀況，裕融採穩健保守狀況操作，除了原來車貸外，也嘗試做醫療設備業務，開始建立醫院管道，菲律賓風險相對其他東南亞市場較低，業務把握度相對高，而其他幾個東南亞地區都還在調研。</p><p>　針對公司明年的股利政策，裕融說明，希望股利政策趨於穩定，在現金跟股票比重上會做重新規劃配置，整體發放率控制在5-7成的比例。</p><p>　裕融太陽能光電、綠電累計投資額超過40億元，建置超過240座，發電量達80mw，將隨著規模擴大持續扮演獲利角色。至於充電樁目前還是全台最多的業者，牽涉電動車發展情形，未來可望會帶來比較穩定狀況。而三義電廠進度，目前案子還在規劃與評估階段，未來將會以裕隆(2201)來主導。</p><p>　新鑫、格上是否有在台上市計畫？裕融也表示，長期都希望子公司可以上市，但看經營績效跟後續本益比、股價等表現，需要綜合考量，先把子公司經營績效做好，再評估是否上市。</p><p></p>, 08/28 16:10 
1,《其他股》裕融上半年ROA、ROE雙揚 第三季EPS上看3.67元(2-1),<p>裕融(9941)上周五法說會，上半年EPS升至6.3元。上半年ROA為2.57%，ROE為23.95%，相較去年同期雙雙上升。第三季每股盈餘3.45~3.67元，可望相較今年第二季2.78元、去年同期3元成長，並回到第一季水準。</p><p>　裕融第二季合併總資產2521.23億元，年增18.05%、季增3.7%，台灣占84.5%、大陸占15.2%。第二季營業收入89.28億元，季增6%、年增13.4%，第二季毛利率從去年同期的54.5%升至58.5%，主因來自於融資收息的業務，高營益性的營收占比呈現增加，毛利率則季減1.2個百分點。合併稅前淨利20.7億元，較上季下滑，主要為持有新安東京海上1.94%持股，防疫保單因素下，公司認列損失，歸屬母公司稅後淨利12.93億元，仍成長兩成以上，單季EPS略增達2.78元，EPS以普通股股本44.71億元計算，新安東京海上認列損失影響EPS為1元左右。第二季ROA為2.28%，ROE為20.86%，雙雙較去年同期下滑。</p><p>　裕融上半年營業收入173.38億元，年增11.87%，台灣版圖表現較佳，毛利率從去年上半年53.5%升至今年上半年59.1%，合併稅前淨利42.66億元，年增31.6%，歸屬母公司稅後淨利29.14億元，年增逾兩成，上半年EPS升至6.3元。上半年ROA為2.57%，ROE為23.95%，相較去年同期雙雙上升。</p><p>　裕融也提到，這兩年持續針對產品做優化，高收益產品比重增加，餘額累積產生獲利提升，再加上2021年海外資產品質差，有認列較大呆帳損失，去年來上述因素有呈現大幅改善，使得公司營業利益或稅前淨利成長會大幅超過營收成長率。</p><p>　台灣央行今年來已兩次升息，升息狀況對整體獲利影響，跟之前法說會看法差不多。視央行升息，毛利率可能會下降，內部已有做好對策，調整產品與新客戶利率調整，以及內部費用有效管控，讓升息因素影響降到最小。</p><p>　裕融延滯率，台灣升至1.25%以下，但變化不算太大，仍在管控範圍內；大陸降至2.00%以下，略為改善，大陸地區延滯率目前30天控制在2以下，在疫情、大環境下，控制在相對審慎安全的範圍內。</p><p>　資產餘額係指認列分期及融資利息收入之資產，裕融資產餘額第二季2181.59億元，年增20.8%、季增4.6%，台灣汽車金融資產餘額1046.62億元，季增4.3%、年增19.4%，其中中古車占83%、新車占17%。台灣企業金融資產餘額568.23億元，季增8%、年增34.4%，台灣消費金融資產餘額266.20億元，季增7.9%、年增34.4%。</p><p>　裕融大陸汽車金融資產餘額第二季16.12億元人民幣，季減11.8%、年減22.9%，下滑主要是疫情、合規等因素，大陸二手車交易嚴格，受到比較大影響，態度上比較警慎。下半年疫情跟合規因素還是有，但績效可望比上半年好，8月數字也有看到逐步改善。大陸企業金融資產餘額50.17億元人民幣，季增3.3%、年增7.2%。而關於大陸近期房市、限電、GDP增速放緩等問題，對裕租資產品質展望及授信成長目標狀況，裕融提到，大陸地區在第二季比首季有成長，業績上不會有積極擴張作法，第三季應該會小幅成長。</p><p></p>, 08/28 16:10 
2,太景抗生素新藥奈諾沙星獲准於俄羅斯上市,"<p>太景-KY（4157）宣布，抗生素新藥奈諾沙星靜脈輸液（500 mg/250 ml）已正式通過俄羅斯衛生部（MoH, Ministry of Health）的藥品審查、核准上市，其上市版圖再擴大。</p><p>太景董事長暨執行長黃國龍強調，取得俄羅斯藥證的意義及價值並不單只是進入一個國家的藥品市場，而是為奈諾沙星奠定進入其他獨立國協國家市場的基礎。由於俄羅斯藥證受其他獨立國協國家之認可，未來，將能夠以俄羅斯藥證申請獨立國協及其他共13個已授權國家之藥品上市許可。</p><p>太景表示，26日晚間收到來自俄羅斯合作夥伴R-Pharm的好消息，甫接獲俄羅斯衛生部的正式通知，奈諾沙星靜脈輸液已通過俄羅斯進口及在地生產兩項上市許可（MA, Market Authorization），即將於俄羅斯上市銷售。</p><p>依據授權合約，太景將可收取產品上市之里程碑款，產品開始銷售後，太景並有達兩位數比例之銷售權利金收入，成為長期穩定的營收來源。</p><p>太景指出，與R-Pharm共同投入奈諾沙星的上市許可申請（NDA）準備工作，期間雖歷經COVID-19疫情對全國各國政府運作造成衝擊，所幸終不負所望，達成目標。R-Pharm乃於2020年底遞交NDA，2021年4月由俄羅斯工業貿易部（MIT, Ministry of Industry and Trade）透過遠端視訊進行生產製造廠GMP查廠作業；2021年底取得GMP證書；待俄羅斯衛生部完成後續行政審查程序，正式於本月通知核准。</p><p>奈諾沙星為新型不含氟的諾酮抗生素，其特色在於具備廣譜性、安全性高，可對抗絕大多數肺炎的致病菌，尤其對有「超級細菌」之稱的耐甲氧西林金黃色葡萄球菌（MRSA）、抗萬古黴素金黃色葡萄球菌（VRSA）、多重抗藥性肺炎鏈球菌（MDRSP）以及抗盤尼西林肺炎鏈球菌（PRSP）等難治之抗藥性細菌都有強效抗菌活性，且其結構設計不易產生抗藥性，可用於一線治療。目前已授權全球36個國家，並持續朝其他未授權區域洽談開發機會。</p>", 08/28 15:28 
3,颱風沒來水情趨緊 新北桃園台南轉為水情提醒的綠燈,<p>依據中央氣象局降雨資料，今年6月起起至8月23日止，國內各地水庫集水區降雨量明顯偏少，各地水庫平均降雨量更僅為歷年同期平均之4成以下，其中新山水庫降雨量更僅為同期34％。</p><p>因應降雨量減少，經濟部抗旱會議決議27日起，調整新北、桃園與台南等地區水情燈號，由水情正常藍燈調整為水情提醒之綠燈。</p><p>另外，經濟部水利署已於8月15日調整基隆地區（含新北市汐止區）水情燈號為水情提醒之綠燈，並預計自9月3日起將基隆地區（含新北市汐止區）水情燈號調整為第一階段限水之黃燈，於不影響民生及防疫用水下實施離峰時段減壓供水，並且台水公司將停供政府機關及國營事業轄管之噴水池、澆灌、沖洗外牆、街道及水溝等非必要性用水。</p><p>近日雙溪溪及基隆河上游集水區午後雷陣雨降雨量未如預期，對於緩解基隆地區缺水問題成效甚微，目前台水公司持續配合水利署各項水源調配及管控措施，並責成所屬各區管理處加強宣導節約用水及水壓管控，強化備援水源之整備，以及調派全台各區管理處水車支援基隆地區，尚能維持用戶基本用水需求，惟基隆地區旱象仍尚未解除，仍請民眾共體時艱節約用水，將水資源做最有效利用。</p>, 08/28 14:25 
4,投資詐騙今年前七月暴增385件 金管會曝原因,<p>投資詐騙年年有今年特別多！金管會證期局副局長高晶萍指出，2022年前七月已接獲385件投資詐騙陳情案件，超越2021年全年的336件。她分析，主要是近二年股市熱絡，詐騙集團主題式地持續利用低成本的電話、LINE或簡訊，無差別傳送詐騙訊息吸引投資人，面對詐騙集團鋪天蓋地傳送詐騙簡訊，金管會已請證交所研議「短期密集式」防詐宣導。</p><p>「我是XX證券王小姐，你不記得我了嗎？有急事找請加我LINE。」2022年以來，類似的詐騙簡訊無孔不入，企圖誘導民眾踏入投資詐騙陷阱，高晶萍表示，詐騙陳情統計是從2021年開始，2021年前六月有96件、去年7月至12月有240件、全年336件，而今年光是前七月就385件，已超過去年全年。</p><p>高晶萍分析詐騙案件增加的原因，主要是近二年股市交易熱絡，詐騙集團利用民眾希望快速獲利的心理，選定投資主題進行詐騙，更容易誘使投資人受騙，加上詐騙集團持續利用低成本的電話、LINE或簡訊，無差別傳送詐騙訊息接觸大眾。</p><p>高晶萍指出，針對投資詐騙案暴增，金管會已和相關公會及周邊單位持續廣泛對投資人進行教育宣導，讓投資人能提高警覺，遇到異常或不法情事可積極舉報、打擊詐騙。</p><p>高晶萍指出，為維護投資人權益，金管會已和周邊單位及執法單位合作反詐騙。一是與警政機關密切合作、建立聯繫窗口，針對金管會蒐集到的犯罪情資，移請刑事警察局參酌辦理。</p><p>同時，金管會已請周邊單位建置防詐騙及查詢合法業者專區，若有遭到冒名的名人出面澄清，也會刊登相關內容；針對國際投資或非法業者，同樣已建置警示專區，投資人可至證券相關公會網站專區查詢。</p><p>高晶萍表示，去年股市屢屢創新高，詐騙集團也不斷祭出高投報率、名人帶領投資等陷阱誘導民眾，因此金管會2021年12月5日也設立反詐騙諮詢專線02-2737-3434，由投保中心提供反詐騙法律諮詢服務。</p><p>高晶萍指出，詐騙情形屢見不鮮，最重要還是要讓民眾有警覺心，所以透過各種教育宣導或宣廣活動持續示警，已多次發布新聞稿呼籲投資人注意風險、結合周邊單位和相關公會舉辦座談會、大學社團反詐騙活動，並透過平面或數位媒介，例如拍攝短片、海報等，甚至透過捷運廣告提醒民眾。</p><p>高晶萍坦言，金管會做了很多宣導，網頁上也都查得到相關反詐騙訊息，但投資人要點進去看，才會發揮效果、提高警覺心，因此金管會近日已請證交所召集相關單位研議「短期密集式」宣導，想辦法讓民眾較能接觸到宣導教材，進而提高警覺，不再受詐騙招數迷惑。</p>, 08/28 14:24 
5,《汽車股》台車市今年估售43萬台 中華看好H2內銷雙揚,<p>中華(2204)上周五法說會，第二季、上半年EPS轉虧，中華強調，公司本業及業外獲利能力持續成長 且有足夠資金可支持中長期策略發展，待未來防疫險影響消除後，獲利即可回歸正常水準。中華預估，2022全年銷售量(包含小車與大車)共43萬台，恐年減4.44%。中華展望下半年內外銷四輪及二輪台數與今年上半及去年下半相比，皆呈現成長趨勢。</p><p>　中華2022年上半年營收及營業利益受市場影響而年比下滑，營業收入144.09億元，年減11.0%，營業利益11.96億元，年減20.8%，2020年底舊換新政策續推不明，部分訂單位移至2021年初交車，致比較基期較高，加上2022年疫情升溫影響，整體市場下滑造成營收下降；但面對原物料上漲及零部件短缺，中華在穩健控管下，毛利率提升，上半年毛利率升至17.49%，本業表現穩定。</p><p>　2022上半年稅後淨利受轉投資公司新安產險防疫險保單一次性業外虧損影響，出現較大虧損，但中華業務發展穩定，明年獲利可望回歸正常水準。今年上半年稅後淨損39.89億元，年減249.9%；本期淨損歸屬母公司業主虧損40.99億元，年減261.5%，基本每股虧損7.52元，相較去年同期的每股盈餘4.65元轉虧。</p><p>　中華2022年上半年經營成果，排除新安產險影響，公司2022上半年業內與業外表現穩健，營業利益11.96億元，業外淨利(不含新安)17.50億元，稅後淨利歸屬母公司業主(不含新安)24.25億元，每股盈餘(不含新安)4.45元。公司業內與業外(不含新安產險)持續提升。</p><p>　中華今年第二季資產負債與財務比率，雖受轉投資認列虧損影響權益法投資餘額，但公司本業獲利能力及各項財務指標仍然穩健，並優於產業平均表現，有充足資金支持中長期策略發展。截止2022年6月30日，應收帳款周轉天數年升至29，存貨周轉天數降至54，負債比26%。</p><p>　中華第二季，今年4月國內疫情大爆發、整體車市衰退下，公司積極衝刺業績同時，落實防疫措施、提前備料，順利保持正常生產，因此本業經營維持穩健，Q2營收季增率略為下滑1%，但仍達70億元以上，達成公司管理目標，且毛利率與營業利益率均較首季提升，單季毛利率提升，中華表示，公司很提早就掌握原物料波動狀況，有積極控管，減少對公司原物料上漲不利的影響。惟受新安產險認列大幅虧損影響，第二季稅後淨利呈現較大虧損。單季稅後淨損53.55億元，年減492.0%；本期淨損歸屬母公司業主虧損54.11億元，年減512.4%，基本每股虧損9.92元，相較今年第一季每股盈餘2.41元轉虧。</p><p>　關於轉投資公司防疫險產品理賠虧損說明，由於轉投資公司新安產險防疫險商品理賠損失，中華上半年依綜合持股認列新安產險虧損65.24億元，致營業外收入及支出虧損47.74億元，稅後淨利虧損39.89億元，每股虧損為7.52元。中華表示，此為單一事件產生之一次性業外虧損，新安產險虧損影響之每股盈餘11.97元，排除新安產險影響後，上半年EPS為4.45元，仍較2021年上半年排除新安產險影響後之EPS4.35元成長。中華強調，公司本業及業外獲利能力持續成長 且有足夠資金可支持中長期策略發展，待未來防疫險影響消除後，獲利即可回歸正常水準。而2023年配發2022年的股利是否會扣除新安產險虧損後的獲利來作為計算股利發放的基礎？中華提到，公司歷年獲利穩定、資金充裕，實際分配狀況會依照實際營運狀況來做。</p><p>　各研究機構預估2022年台灣經濟成長率預估介於3.20%~3.91%之間，台灣汽車市場，中華預估，2022全年銷售量(包含小車與大車)共43萬台，恐年減4.44%。而各研究機構預估大陸2022年經濟成長率介於4.04%~4.4%之間，大陸汽車市場，中華預估，2022全年2750萬台、成長率4.7%。</p><p>　中華2022年下半年營運展望，2022年下半年公司銷售預估皆較上半年或去年同期成長，在上半年因疫情爆發、車市低迷，但隨著疫情趨緩，預期消費動能將逐步回復，下半年內銷四輪及二輪市場總量預期皆較上半年成長。中華展望下半年內外銷四輪及二輪台數與今年上半及去年下半相比，皆呈現成長趨勢。</p><p>　中華說明，缺料狀況因整體汽車市場受到很多疫情、戰爭等不利因素都還在發生，但中華很早就在做所有零件、原物料管控與缺料預估，對於如何備料與擴大來源都有提早準備，目前需求都可以對應，都在可控中，對成本上升的影響都在掌控當中。</p><p>　而被問到和泰車(2207)的Townace今年上市，是否影響今年的商用車銷售？中華表示，過去在區隔市場占有率很高 所以有受到一點影響，但在整體表現上還是有達成既有銷售目標，受到影響比預期小，後續還是會盡力確保目標完成，強化產品類跟行銷，確保完成年度目標。</p><p></p>, 08/28 14:09 
6,《產業》虹夕諾雅谷關總經理 福井裕子接任,<p>日本百年旅宿品牌星野集團宣布，由福井裕子（Fukui Yuko）接任「虹夕諾雅 谷關」總經理，為該品牌海外設施首位女性總經理。將活用深耕逾20年的豐富經驗，將日式款待精神與溫泉文化融入台灣與谷關，帶給旅客全新的住宿體驗。</p><p>　2019年6月30日開幕的「虹夕諾雅 谷關」星野集團首次在台灣打造的頂級溫泉度假村，也是虹夕諾雅品牌第二所海外設施。所有客房均設有半露天浴池，擁有能感受到風與水的開放公共空間、配合場合的料理等，並準備以台灣文化為基礎的體驗活動。</p><p>　「虹夕諾雅 谷關」由業主汶山企業委託星野集團經營管理，其中豐興轉投資持股18％。雖然近2年飯店業倍受疫情衝擊，但據豐興財報揭露，汶山企業2021年稅後淨利0.9億元、年增7.23％，2022年上半年稅後淨利0.55億元、年增達61.83％，營運未受太大影響。</p><p>　「虹夕諾雅 谷關」新任總經理福井裕子1998年於日本山梨縣進入服務業界，並於2001年進入星野集團。入社後首先在北海道的「星野集團TOMAMU」擔任人事、總務部門的負責人，2020年起擔任親子度假村「星野集團RISONARE熱海」總經理。</p><p>　在新冠肺炎疫情肆虐下，近2年來全球觀光產業都深受影響之際，福井裕子不斷思考如何在疫情下推行理想的親子旅遊，也因應客人的種種需求改變服務型態，提供結合當地魅力特色的住宿體驗。</p><p>　「虹夕諾雅 谷關」除有深邃溪谷帶來豐沛的湧泉與溫泉，當地也是泰雅族的居住地，擁有歷史深遠的原住民文化。以當地特色為主軸，融合日式款待精神與因應時勢的旅遊模式，福井裕子以「成為被旅客、員工及整個地區所愛的度假村」為目標，盼持續帶領團隊前進。</p><p>　福井裕子表示，很榮幸能來台擔任「虹夕諾雅 谷關」總經理。來到谷關這段時間，已從館內的動植物生態與員工身上，感受到今年即將邁入第四年的「虹夕諾雅 谷關」與豐碩的自然環境完美相融，提供新住宿型態以享受旅程。</p><p>　此外，谷關被群山環繞，因此擁有豐富的水源、溫泉及暢涼的微風，令福井裕子不禁感嘆自然之美。福井裕子表示，將努力將虹夕諾雅谷關打造為獨一無二的休憩之地，成為令人想一訪再訪的秘境。</p><p></p>, 08/28 13:29 
7,雙重平穩機制超額吸收 明汽、柴油各降0.3元及0.4元,<p>沙烏地阿拉伯宣稱石油輸出國家組織(OPEC)隨時準備減產等因素，推升國際油價攀升，但在中油起動雙重平穩機制超額吸收下，國內油價不升反降，明凌晨零時起起汽、柴油各調降0.3元及0.4元。</p><p>調整後，92無鉛汽油每公升29.2元、95無鉛汽油每公升30.7元、98無鉛汽油每公升32.7元、超級柴油每公升27.0元。本週因雙重平穩機制啟動，汽、柴油各吸收4.1元及5.4元。</p><p>    中油表示，受沙烏地阿拉伯宣稱石油輸出國家組織(OPEC)隨時準備減產，加上俄羅斯、哈薩克2國石油出口因黑海碼頭設備維修受阻影響，帶動國際油價上漲。調價指標7D3B周均價上漲4.14美元，新台幣兌美元匯率貶值0.201元，國內油價依公式計算漲幅為4.09％。</p><p>按浮動油價機制原則，原應每公升各調漲3.8元及5.0元，為維持價格低於亞洲鄰近國家(日、韓、港、星)，汽、柴油各吸收3.8元及5.1元；吸收後95無鉛汽油超出30元，進一步啟動油價平穩措施，第一階段吸收25％調幅後四捨五入，汽、柴油每公升各再吸收0.3元。雙重平穩機制啟動，汽、柴油共各吸收4.1元及5.4元，國內汽、柴油實際價格每公升各調降0.3元及0.4元，累計111年至7月底止，台灣中油共吸收約271億元。</p>, 08/28 12:28 
8,加油等等！汽、柴油各降0.3元、0.4元,<p>中油表示，沙烏地阿拉伯宣稱石油輸出國家組織（OPEC）隨時準備減產，加上俄羅斯、哈薩克石油出口因黑海碼頭設備維修受阻，帶動國際油價上漲，惟在雙重平穩機制啟動下，汽、柴油各吸收4.1元及5.4元，29日凌晨零時起汽、柴油各調降0.3元及0.4元。</p><p>調整後，中油參考零售價格為92無鉛汽油每公升29.2元、95無鉛汽油每公升30.7元、98無鉛汽油每公升32.7元、超級柴油每公升27元。</p><p>中油指出，本週浮動油價調整原則之調價指標7D3B週均價上漲4.14美元，新臺幣兌美元匯率貶值0.201元，國內油價依公式計算漲幅為4.09％。按浮動油價機制調整原則，原應每公升各調漲3.8元及5元。</p><p>不過，為維持價格低於亞洲鄰近國家（日、韓、港、星），汽、柴油各吸收3.8元及5.1元；吸收後95無鉛汽油超出30元，進一步啟動油價平穩措施，第一階段吸收25％調幅後四捨五入，汽、柴油每公升各再吸收0.3元。雙重平穩機制啟動，國內汽、柴油實際價格每公升各調降0.3元及0.4元。累計111年至7月底止，中油共吸收約271億元。</p>, 08/28 12:21 
9,《科技》AFTEE先享後付與博客來合作 搶灘閱讀市場,<p>先買後付（BNPL）品牌AFTEE先享後付與全台最大網路書店博客來合作，搶搭閱讀商機。AFTEE先享後付所屬的恩沛科技執行長角元友樹表示，在疫情影響之下，閱讀風氣再起，特別是年輕世代對數位閱讀形式接受度高，整體出版市場商機蓬勃，導入先買後付服務，也有助於滿足年輕客群的多元支付需求。</p><p>　市調機構Valuates的調查，疫情已顯著帶動消費者網路借閱與購書行為更趨頻繁，估計2026年電子書全球市場規模將可達新台幣1兆零800萬元，為當前的2.4倍。資誠所發布的《2022全球與台灣娛樂暨媒體業展望報告》顯示，消費性圖書市場的銷售額，在2021年年增4.5％、來到5.79億美元，預估未來5年亦將持續成長，其中電子書營收占比增加到30.2％，顯示「數位閱讀」時代已逐漸成形。</p><p>　角元友樹強調，透過持續強化的AI審查機制、提供優於業界超過96％的高通過率，讓消費者無論消費金額大小，都可以在10秒內擁有「先收到商品、再選擇全額支付或分期服務」的體驗。此次合作，不只更進一步擴大AFTEE先享後付會員消費場域，也將讓更多「愛書人士」擁有全新的支付選擇。</p><p>　博客來指出，2022年上半年電子支付消費金額較去年同期占比提升近1成，使用電子支付的會員中29歲以下更占25％，購買的業種以中文書最多、其次為3C家電、美妝、美食，顯示出數位支付廣受年輕族群喜愛，有助圖書、高單價3C、美妝保養品的銷售成長。有感於消費者線上購物需求顯著增加，促使平台展開更積極優化以提升消費者購物體驗、滿足需求，同時提升平台黏著度。</p><p>　今年博客來全力推動「先買後付」支付服務，攜手主打「只要手機號碼、可享10秒內快速結帳」的「AFTEE先享後付」，希望讓平台支付功能更完善、彈性再擴大，吸引年輕會員使用率提升2成。</p><p></p>, 08/28 11:59 
10,《金融》台灣CFP已認證人數達2432人,"<p>台灣理財顧問認證協會舉辦「2022年CFP/AFP授證典禮」，依據國際理財顧問認證總會（FPSB）截至2021年底統計，全球CFP認證人數已突破20萬人，與去年相比成長約5.5％，台灣CFP已認證人數達2,432人，成長率達12.9％，位居前6大高成長會員國，各金融機構紛紛投入資源，培育具備金融多元跨領域專業人才，尤其是銀行界與保險業，更積極培育CFP、AFP新世代金融菁英，來協助高資產人士建立與執行跨領域的理財計畫，達到期望的理財規畫目標。</p><p>　FPAT理事長也是國泰金總經理李長庚表示，疫情衝擊全球的生活，加上今年市場的波動，有更多民眾需要理財的建議，期許CFP/AFP運用專業，有彈性的因應市場變化，幫助客戶把握機會規避風險，提升理財人員的價值。每位持證人持續提升專業，CFP的核心精神是全方位理財顧問，是伴隨著客戶的一生，幫助客戶得以實現更好的生活計畫。</p><p>　國內統計至今年上半年，多家大型金融機構紛紛實行鼓勵及補助員工報考測驗及認證的獎勵措施下，取得認證總人數來到新高，至今累計的教育訓練人次已經超過6萬5千人次，近兩屆新科持證人國內新取得CFP國際專業認證計有425人，取得AFP專業認證計有176人；此外，南山人壽積極培養CFP及AFP顧問人才，新科持證人數居冠，中國信託商銀在通過率上表現亮眼，且成長率高達3成，同時也在高資產客戶業績銀行排名第一，國泰人壽共有433位CFP及AFP持證人，為保險業最高。　</p><p>　面對貧富差距持續擴大，M型社會明顯的狀態，比起單純儲蓄，現代人更須具備FQ（Financial Quotient）財務智商，來因應自身對於像全球疫情爆發、烏俄戰爭導致能源、糧食價格劇烈起伏等震盪且不確定性的新型經濟狀態，除此之外，也更加需要資產配置方面的專業建議，這也是近兩年全球CFP人數不斷高度成長的重要原因。</p><p></p>", 08/28 11:29 
11,《半導體》ABF新產能入列 世芯-KY下季營運拚轉強,<p>世芯-KY(3661)上半年營收、稅後淨利及EPS均創同期新高，儘管全球總經放緩，但世芯-KY來自北美、大陸市場HPC(高速傳輸)設計及量產需求仍維持強勁，預計在ABF載板短缺問題紓解下，第四季營運將有顯著成長。</p><p>  世芯-KY上半年營收55.9億元、年增加4%，平均毛利率36.5%，營業利益率19.9%，稅後淨利8.8億元、年增加13%，累計每股稅後淨利為12.33元。世芯-KY上半年儘管面臨供應鏈問題，但營收、稅後淨利及EPS均創同期新高。</p><p>  展望第三季，世芯-KY預估，營收比重、毛利率將與第二季相近，且今年上半年累計設計案將於第四季或明年初Tape-out(layout好的IC案子送至晶圓廠做成晶片)，將貢獻NRE(委託設計)營收。</p><p>  世芯-KY上半年營收增幅略低於先前預期，主要因供應鏈問題所致，預計ABF載板短缺問題將持續至第三季並影響營收，第三季底會有新載板供應商加入，但需要一些時間，預估第四季逐步改善。世芯-KY預計10月營收溫和月增，11、12月營收趨勢向上，整體而言，第四季將有較顯著成長，儘管全球產業景氣放緩，但世芯-KY來自北美、大陸市場HPC(高速傳輸)設計及量產需求仍維持強勁未見轉弱，看好營收動能將延續至2024年中。</p><p>  NRE設計方面，世芯-KY於7/6/5/4奈米先進設計製程保持產業領導地位並獲客戶詢問，來自北美及大陸設計需求均強勁，預期NRE營收自第四季至2023年將維持成長，未來兩年高效運算設計製程將持續從7奈米過渡到6/5奈米，整體而言，世芯-KY認為，NRE營收動能是線性成長，量產則是指數成長。</p><p>  另外，車用方面，世芯-KY已獲多家EV(電動車)業者接觸，部分設計案將開展，預計2024年將成為另一營收成長動能。</p><p></p>, 08/28 11:09 
12,《國際產業》幣安與韓釜山市簽署MoU 促區塊鏈產業發展,<p>加密資產與區塊鏈基礎設施提供商幣安，與韓國釜山市簽署諒解備忘錄（MoU），釜山市將獲得幣安提供的技術和基礎設施支援，以發展該市的區塊鏈生態系統和推廣釜山數位資產交易所，幣安表示，將於今年年底前在釜山開展業務工作。</p><p>　幣安計畫以多種方式促進釜山市區塊鏈行業的發展，透過釜山的區塊鏈無監管特區（regulatory-free zone）促進區塊鏈計畫和業務、支援城市中與區塊鏈相關的研究和投資、提供來自幣安學院的專業區塊鏈教育和線上資源、透過幣安慈善推動促進社會公益事業發展、協助組織2022年釜山區塊鏈週（BWB 2022）。</p><p>　幣安首席執行長兼創辦人CZ（趙長鵬）表示，透過幣安在行業領先的地位和技術專長，結合釜山市對區塊鏈行業的大力支持，我們希望對推動城市內外加密貨幣的採用有所幫助。期待與釜山市密切合作，協助建立數位資產交易所和各種區塊鏈產業。</p><p></p>, 08/28 10:38 
13,《台北股市》焦點股-上品,<p>上品(4770)2022年前7月每股純益已達12.03元，下半年營收成長動能強勁，表現可望比上半年來得更好，上週五個交易日累計漲幅高達29.4%。</p><p>  上品主供應半導體與石化業氟素材料與設備，客戶為國內晶圓大廠、電子級化學品供應商與半導體統包廠。受惠半導體擴產計畫持續，7月自結稅後盈餘1.42億元，年增103.31％，EPS1.8元，前7月EPS已達12.03元。</p><p>  上品深耕氟素材料的加工製造領域，業務範圍從石化延伸至光電業、半導體、特用化學品及能源環保產業，目前產品應用於半導體產業約76%、石化產業約13%、面板及太陽能約5%及能源環保約2%。</p><p>  受惠半導體產業蓬勃發展，在半導體供應鏈資本支出增加下，市場需求維持高檔，上品訂單能見度明朗，法人預期，今年下半年度營收有機會較上半年度成長超過2成。</p><p></p>, 08/28 10:08 
14,《金融》中美關係持續惡化 通膨難題愈發棘手,<p>PIMCO最新報告指出．根據最新發佈的消費者物價指數，美國整體與核心通膨一如預期地在7月趨緩。假設後續全球糧食與能源大宗商品價格持續下降，今年6月的整體通膨年增率有望成為此次循環的高點。儘管如此，預料核心通膨年增率將在8月再次加速攀升，且可能要到9月才觸頂。</p><p>  儘管通膨浮現降溫的前景，但是降溫後的通膨仍將高於聯準會的目標。故此， PIMCO認為，聯準會料將維持緊縮的貨幣政策。換言之，為了確保美國通膨能夠重回並穩居目標水準，未來聯準會不排除仍有多次大幅升息的機會。</p><p>   PIMCO指出，美國薪資通膨已從低薪、低技術門檻的服務業進一步擴大至各個產業、職業、與技術門檻。亞特蘭大聯邦儲備銀行的薪資追蹤指標已大幅攀升，且攀升軌跡呈現非線性的菲利普斯曲線，並/或反映加速攀升的通膨預期水準。此外，薪資上漲的同時，勞動生產力卻陷入衰退，導致單位勞動成本大幅上漲。故此，預其未來企業將調高定價以維持利潤率。</p><p>  此外，中美關係持續惡化，且考量兩國領袖展現的態度，PIMCO表示，很難想像當前局勢能有所改善。中國國家主席習近平的政權穩固，且中國民眾向來可團結對抗挑戰。多年來，中國藉由各種政策強化經濟實力和抵禦外部的衝擊－例如美國對中國的敵意漸增。短時間之內，中國領導人可能得要稍微踩政策煞車－例如雙循環經濟模式與共同富裕政策，因為中國正面臨嚴峻的經濟成長挑戰（其中包括防疫封控措施的影響，以及岌岌可危的房市）。話雖如此，這些政策仍將是中國長期首要的施政方針。</p><p>  PIMCO也提出，烏俄戰爭對中國帶來值得深思的問題。看到俄羅斯遭到的國際制裁，預料中國領導人將提前做好準備，以防未來採取行動時（例如台灣相關問題）遭到美國祭出類似的制裁措施。然而，準備談何容易。舉例來說，中國雖然擁有大量外匯儲備，但絕大部分都是美元計價資產。在欠缺其他替代品的情況下，要大幅降低美元儲備的比重可謂不切實際，但中國可能會設法提高以人民幣結算的國際貿易佔比。</p><p>  倘若中國無法大幅降低手中資產面臨的風險，屆時中國可能反將累積更多的外債；一旦中國的資產受到威脅，這些外債亦將面臨倒債危機。換句話說，中國將以此作為遏止手段，防範可能的「資本戰爭」。有鑑於中國的經濟規模之大，一旦美中爆發資本戰爭，全球料將受到龐大影響。並使得消費物價長期居高不下。</p><p></p>, 08/28 09:28 
15,產業署揭牌 呂正華說明重要業務,<p>數位發展部於今（27）日上午揭牌，產業發展署隨後於下午揭牌。產業署署長呂正華表示，產業發展是最重要一環，會想盡辦法讓台灣數位產業有更高競爭力。另以「R、I、S、E」做為未來業務推動的重點。</p><p>產業署27日下午舉行揭牌儀式，由產業經驗豐富的經濟部工業局呂正華前局長為首任署長，數位部部長唐鳳率政務次長李懷仁、闕河鳴及常務次長葉寧、資策會董事長李世光等貴賓，馬不停蹄地幫產業署揭牌。唐鳳期許產業署扮演推動數位產業「踩油門」的角色，以開放、共創、共融的精神引導數位產業發展，並協助推動各行各業數位升級，實現智慧國家的願景。</p><p>產業署說，該署以促進數位經濟相關產業發展與數位科技應用事項政策規劃及執行為主要業務，設置政策規劃、通訊傳播、平台經濟、新興跨域、數位服務共5個業務組，行政院已於8月8日核定處務規程與編制表，設立初期預算員額為150人；另因新光中繼辦公室刻正進行施工申請與隔間施作，預計至10月底完工前，暫先租用台北市重慶南路二段51號3樓辦公室提供掛牌後產業服務。</p><p>呂正華致詞時提到，數位部要因應「社發、產發、突發」，以「三發」打造全民數位韌性，其中產業署主管的「產業發展」在他看來是最為重要的一環，署內各組要基於執掌，想盡各種辦法把台灣的數位產業發展做得很有競爭力，才能支持「社發」所需的基礎，也才能有足夠的實力因應「突發」的資安事件。</p><p>呂正華特別以「R、I、S、E」做為未來業務推動的重點，R代表韌性(Resilience)、I代表整合(Integration)、S代表安全(Security)、E代表賦權(Empowerment)。台灣因為防疫有效作為，口罩國家隊在產業界共同努力下使命必達，其後各行各業對於供應鏈韌性的表現，數位的應用（例如口罩地圖）在國際間也是膾炙人口，如何讓數位在供應鏈韌性中持續扮演關鍵角色，將是未來首要之務。</p><p>其次，呂正華說，在過去，數位產業分散於各部會的推動經驗中，業者對於如何整合部會資源甚為重視，這個課題在數位部成立後將積極推動統合，例如在「雲市集」平台將統合協助產業數位轉型，使得政府在數位產業的資源投入與產出效益極大化。</p><p>再來，呂正華表示，網路資安議題，在萬物聯網時代，雖然大家已經開始重視資訊安全，並且設有資安署進行資安維護相關業務，可是如何轉化此一鍛煉的經驗為資安產業發展的契機，在資安即國安的重要課題中，將Security能力轉化成產業發展的動力，也會是產業署推動產業的重要事項。</p><p>呂正華說，E則代表賦權(Empowerment)，在管理上賦權與增能往往是提振團隊士氣的良方，在數位產業發展上，產業署各組組長的賦權與增能當然是必要的方式；而在數位衍生到產業應用之中，不僅能夠使原有產業激盪出新的火花，在數位轉型方面，有專家說「與其加班做EXCEL，不如下班看數位儀表板」，就是數位導入後可以達到如虎添翼、萬物增幅的功能，而這也是另一種數位增幅與賦權的推動方式。</p>, 08/27 20:10 
16,台灣輔助醫學「元年」誕生 攸關40萬輔助醫學大軍出路,<p>醫界盛會「2022國際輔助醫學高峰會」今（27）日於東海大學舉行，由於攸關40萬從業人員的出路，因此備受各界重視！副總統賴清德以錄影模式致詞時強調：「台灣是輔助醫學和AI人工智慧的結合的領航者；輔助醫學的推動『現在正是時候』！」</p><p>「2022國際輔助醫學高峰會」歷經疫情兩度推延進度後，27日迎來了開幕式。這次大會除集結了「輔助醫學」各項創新展覽，琳瑯滿目的民俗療法工作坊，以及來自世界各地的學者專家論文發表外，還頒發了四大獎項，因而被喻為台灣的「輔助醫學元年」。</p><p>大會主席暨台灣輔助醫學醫學會理事長陳韜名說，醫學會成立的四個使命，便是「合法化、科學化、學術化、普及化」，更擔負著「承先啟後」的大任，融合成具有台灣特色的輔助醫學，期待對全人類有一個具體的貢獻。</p><p>陳韜名強調，因應時代的需要，輔助醫學也正面對著超高齡化社會的來臨，輔助醫學在安養樂齡的照護上，配合教考制度的一條龍連結，將傳承千年的人類智慧結晶配合當代科技的創建，以便提升台灣民眾更好的生活品質。</p><p>東海大學在為期3天的高峰會中則扮演了穿針引線，以及為促進輔助醫學與AI人工智慧的研究成果與技術發展，提供專業知識與見證。東海大學董事長吳清邁也參與這場盛會。</p><p>而東海大學校長張國恩則幽默地表示，這場高峰會之所以重要，「是因輔助醫學的第一次盛會就給了東海」；東海大學終身特聘教授朱正忠博士指出，有186位來自世界的學者專家共同付出心血，將近800位的輔助醫療領域的工作坊相挺大會。</p><p>此外，邀請貴賓來自政商醫各界菁英，包括身兼醫學會榮譽會長的立委林楚茵、台中榮總院長陳適安、童綜合醫院策略長李三剛，以及天主教台中教區副主教黃清富。而宏碁集團創辦人施振榮則以錄影模式演說，台灣微軟公共業務事業群總經理陳守正則親臨會場進行專題演講，陣容盛大。</p><p>高峰會首次頒獎予四位從事輔助醫學領域的傑出人士，都擁有相當堅實的粉絲群，分別為著名的足部反射大師吳若石神父，獲得輔助醫學終生成就獎；終身都在從事輔助醫學相關工作的東西整合醫學中心院長何逸僊，獲得輔助醫學終生成就獎；結合輔助醫學AI大數據、IFEEL生物訊息預警系統專家高明志執行長，獲輔助醫學世紀領航獎；針對輔助醫學的學術化提供一個有國際高度的平台，主編國際醫學核心期刊「傳統與互補醫學期刊」的沈立言教授，獲得輔助醫學承先啟後獎。</p><p>為了增添文藝氣息與人文關懷，大會特別邀請全國動物醫院事業群執行長陳道杰，展現才藝拉小提琴做為開幕序曲，一首悠揚的旋律「白天的星星」贏得了場內300多位嘉賓的如雷掌聲。</p><p>「台灣輔助醫學醫學會」成立於民國110年7月，早在二、三十年前，輔助醫學就存在台灣民間，只是一直沒有包含在台灣的「部訂專科醫師」範圍，也不屬於「醫療法」管轄，是一種在正規治療之外的另類療法。由於各種利益衝突，與藥廠與政府部門之間的抗衡，使得「輔助醫學」走來篳路藍縷。</p><p>民眾所熟悉的輔助醫學，包括了傳統認知的「筋絡網絡」、「徒手矯治」」、「刮痧撥筋」，還有漢方草本等調理方式；意識情緒方面，也有「音樂療法」、「芳香療法」；在能量頻率面向，則結合針灸、頻率與聲、光、電、磁等多元媒介處理身心遇到的問題。</p><p>台灣在輔助醫學領域奮鬥的菁英，也紛紛一展身手，10多場的體驗工作坊讓參與民眾大呼過癮，也令全台近40萬從事輔助醫療的工作者為之振奮。</p><p>「輔助醫學」在台灣也許還是個陌生的名詞，但如果提到「民俗療法」、「芳療」，相信民眾應該再熟悉不過。只是「輔助醫學」的範疇不僅單純如此，事實上，只要涉及非藥物及開刀手術的醫學及方法，都能包含其中。</p><p>但，現行的「醫療法」中，民間大多數從事民俗療法的業者，都不屬於「醫事人員」。然而，台灣有超過40萬相關的從業人口，他們大部分因為無法從事「醫療行為」，只能遊走在法律的灰色地帶。</p><p>目前世界各地使用輔助及另類療法的人越來越多，此議題的重要性也逐年上升。美國從1991年到1997年，花費在輔助及另類療法的經費從4億增加到超過6億美元，而在一年內曾求助於輔助及另類療法的人的比例，亦從33.8％增加至42.1％。</p><p>2021年籌備多年的「台灣輔助醫學醫學會」終於成立，可能有人會覺得好奇，為什麼「台灣輔助醫學醫學會」要重複「醫學」兩個詞？首先，這是台灣唯一一個報備衛福部並經過內政部核准成立的「輔助醫學」組織。當初在命名時，前衛福部長陳時中認為，應該要發展「台灣特色」的輔助醫學，因此將「台灣輔助醫學」做為一個專有名詞。</p><p>在「台灣輔助醫學醫學會」的登高一呼下，沒想到全台竟有50多家輔助醫療領域的創新業者，以及相關的組織工會加入，原本只打算舉辦學術研討會，瞬間提升成為含括了創意會展、體驗工作坊、世界級學者專家發表論文、頒發首屆輔助醫學獎的「高峰會」規模；顯然，具備40萬大軍的輔助醫學產業，確實蘊含了巨大潛力，讓產官學界均抱持高度期待，輔助醫學也以醫界的明日之星姿態正式登上舞台。</p>, 08/27 19:55 
17,光禹嘉義文創園區 獲專案貸款補助,<p>光禹國際（6595）今（27）日代子公司光禹文旅公告，通過經濟部投資臺灣事務所「中小企業加速投資行動方案」專案貸款等補助措施，將加速融資、園區整體蓋建效率。</p><p>光禹文旅是光禹國際100％投資公司，在2月與嘉義縣政府簽約建設嘉義微型文化創意園區，估計投資逾14.5億元，以數位藝術及荷蘭印象發想，打造Holo Park羊角藝術村，園區規劃數位文創區及藝宿區，如世界聯合沉浸藝術中心、故宮IP藝宿區及親子互動多媒體。</p><p>園區將導入核心技術全息投影，結合5G高頻寬低延遲特性，首創5G全息雙地雙向Live表演，並關注氣候暖化議題，預計投資5億元，於建築物及停車場設置太陽能板、車充、儲能等設施。</p>, 08/27 19:33 
18,北高指標案「鳳凰冠」落成 已購戶提前回娘家,<p>高雄北區指標個案「隆大鳳凰冠」全新落成，隆大營建為服務客戶，27日特別舉辦「歡樂家年華」派對活動，邀請已購客回娘家，提前讓準住戶體驗未來好生活、分享即將入住新社區的喜悅，另特別邀請咖啡拉花冠軍林紹興至現場與貴賓互動。</p><p>「鳳凰冠」座落於橋頭新市鎮，位於高科技S廊道核心，鄰近台積電、橋頭科學園區；鄰近捷運站，都會公園面積廣大、環境綠意十足，距離國立高雄大學商圈不遠，生活便利性足夠，堪稱目前高雄青年成家最夯購屋地點之一。</p><p>基地面積約2085坪，規畫26-43坪產品的「鳳凰冠」，為橋頭新市鎮現在個案中，唯一規劃花園泳池、健身房、羽球場、SPA、KTV等豐富公設的大型全新成屋。除有隆大營建品牌力加持外，也瞄準台積電、橋科人口進駐。</p>, 08/27 19:22 
19,城揚建設首推地上權案 訂價所有權70％,<p>城揚建設集團首度推出地上權住宅案，基地位於高市鳳山五甲公園的「城揚大家」每坪開價27.5萬至32萬元，總銷約35億元，銷售策略以所有權住宅的70％計算，不包含車位最低570萬起，瞄準較能接受地上權案的年輕族群。</p><p>城揚首席副總經理陳靜儀指出，「城揚大家」是城揚首度推出地上權大樓建案，銷售過程會花多點時間向客戶解說，初步觀察年紀40歲以下族群對於地上權案接受度高，但後續隨著該案公開後，客戶年齡層、職業別等可再觀察。</p><p>陳靜儀表示，「城揚大家」規畫2、3房產品，從20坪到37坪，每坪開價27.5萬元到32萬元，不含車位，每戶從570萬元到1100萬元，總銷約35億元。</p><p>負責代銷的廣誠國際董事長董上裕指出，「城揚大家」位於1.4萬坪五甲公園最頂席，鄰近「特貿三」投資計劃、高雄軟體科學園區、5G AIoT創新園區等。走路約10分鐘，捷運紅線R5站、黃線Y23捷運計劃站活力交會，1站接駁C3輕軌。</p><p>董上裕提到，永信建設近期在該區段也推出所有權住宅「禾豐」，每坪開價40萬元至52萬元，「城揚大家」訂價策略就是所有權住宅約7成。</p><p>「城揚大家」今下午舉辦「大家嗨年華」感恩開幕活動，鼓陣、舞獅「勁」情開場，哈雷重機車隊遊街造勢，捍衛戰士主題曲迎賓、街舞團體熱力舞動，高潮迭起的街舞、青春歌舞秀、愛心公益活動、行動餐車好食派對等生活主題，將熱鬧氣氛推向高點。</p>, 08/27 19:04 
20,橋頭新市鎮建案鳳凰冠落成 邀準住戶提前體驗,"<p>隆大營建（5519）位於橋頭新市鎮的大樓建案「隆大鳳凰冠」，今年8月開始交屋，隆大27日邀請在預售時的「準住戶」，提前體驗新社區的喜悅、以及社區公設等未來好生活。</p><p>隆大營建27日下午舉辦「歡樂家年華」派對活動，邀請已購客回娘家，提前讓準住戶體驗未來好生活、分享即將入住新社區的喜悅，並邀請咖啡拉花冠軍林紹興，在現場與「準住戶」互動，品嚐醇香咖啡。</p><p>隆大副總經理吳煜文表示，「鳳凰冠」基地面積約2,085坪，地點就在政府全力推動的橋頭新市鎮，位於高科技S廊道核心，鄰近台積電、橋頭科學園區、鄰近捷運站、以及都會公園，距離國立高雄大學商圈不遠，生活便利性足夠。</p><p>吳煜文指出，該案享有契稅、房屋稅、以及地價稅「三稅減免」的優惠，產品介於26坪到43坪的「隆大鳳凰冠」，總戶數445戶，3年前預售時，售出275戶之後，便封盤了，當時的售價平均每坪16萬元，今年8月完工之後的成屋銷售，每坪開價在27萬元到30萬元之間。</p>", 08/27 17:35 
21,南台灣推案王首度進軍地上權住宅 城揚大家開賣,"<p>南台灣推案王城揚建設集團，首度進軍地上權住宅，位於五甲公園的「城揚大家」正式開賣，每坪開價27.5萬元到32萬元，而同一生活圈的永信建設，推出的所有權住宅「禾豐」，每坪開價40萬元到52萬元，「城揚大家」的訂價策略就是以所有權住宅的70％，不包括車位的每戶售價介於570萬元到1,100萬元之間。</p><p>城揚建設集團的地上權大樓建案「城揚大家」，27日下午舉辦「大家嗨年華」開幕活動，承辦的揚揚文創特別請來哈雷重機車隊遊街造勢，還有青春歌舞秀、愛心公益活動、行動餐車好食派對，帶動熱鬧氣氛。</p><p>城揚首席副總經理陳靜儀27日表示，向來以興建所有權住宅的城揚建設集團，第一次推出地上權大樓建案「城揚大家」，在銷售上，會多花一些時間，向潛在客戶解說，但也發現，年紀在40歲以下的青年族群，對地上權住宅的接受度，相對比較高。</p><p>陳靜儀指出，「城揚大家」總銷約35億元，規劃2房和3房產品，從20坪到37坪，每坪開價27.5萬元到32萬元，不包括車位的話，每戶售價介於570萬元到1,100萬元之間。</p><p>負責銷售的廣誠國際董事長董上裕表示，「城揚大家」位於14,000坪五甲公園，走路大約10分鐘，就可抵達高雄捷運紅線R5站、以及規劃中的捷運黃線Y23站。</p><p>他說，「城揚大家」屬於亞灣生活圈，鄰近夢時代購物中心、SKM Park、大遠百、SOGO、新光三越，而全台最大、公辦都更案「特貿三」投資計劃、高雄軟體科學園區、以及5G AIoT創新園區，陸續啟動，兼具產業優勢和生活便利。</p><p>「城揚大家」的基地附近，過去也有永信建設推過地上權住宅「R5新世界」和「R5新世紀」，董上裕指出，永信建設最近也在該區推出所有權住宅「禾豐」，每坪開價40萬元到52萬元，「城揚大家」的訂價就是所有權住宅的70％左右。</p>", 08/27 17:11 
22,鎖定元宇宙及智慧醫療商機 高雄經發局媒合新創與大廠合作,<p>「亞灣創新x新創大南方」展會活動，27日進入第二天，高雄經發局鎖定元宇宙及智慧醫療需求，舉辦「亞灣創新‧新創發光」商機共創媒合會，邀請30家新創，與美商Coinllectibles、義大視覺特效、智崴科技、敏盛醫療、智康創投、緯創醫學、亞太精準抗衰老醫學會等七家大廠及法人代表交流，並依據業別分組，進行商洽媒合，以大帶小共創商機。</p><p>高雄經發局長廖泰翔27日指出，高市府團隊積極引進台積電、默克、英特格等大廠，短短兩年，吸引投資超過5千億元，帶動產業結構面轉型，同時聯手中央推動亞灣5G AIoT創新園區、舉辦綠色科技新創大賽，配合自營的KO-IN、DAKUO新創基地提供輔導，媒合新創對接大廠及政策資源，盼透過「亞灣創新x新創大南方」及商媒會，促成更多以大帶小合作案例，加速高雄蛻變為智慧科技港都。</p><p>緯創醫學科技智能醫療資深經理林聖㛓表示，醫療與科技的結合為全球趨勢，各國醫療產業積極運用ICT、AI改善各項醫療服務，緯創近年也透過數位病理研發、建構台灣癌症治療的精準醫療平台及健康管理平台，跨足銀髮照護及慢性病照護產業，盼透過媒合商洽網羅更多以AI、數據及遠距解決方案，加速應用落地。</p><p>參與商媒會的高雄在地新創雄欣科技創辦人李佳欣指出，數據偵測是發展智慧醫療最重要的一環，雄欣針對老人照顧開發出「AI照護辨識服務系統」及「保命防跌系統」兩套系統，能在醫療試驗場域放置毫米波雷達後，搭配AI演算法獲取患者呼吸、心跳等生理訊號，第一時間掌握病徵，做出最佳醫護處理。</p><p>安永聯合會計師事務所審計營運長黃建澤會計師表示，安永是輔導國內新創登錄創櫃的領導者，為近一步強化新創生態系，今年更承接高雄經發局新創基地營運，促成多家新創廠商與企業合作，並針對ESG、元宇宙趨勢籌組綠能及元宇宙合作平台。期待透過商媒會集結國內外大型企業、新創、創投、加速器等各方力量，協助新創貼近產業需求，共創智慧科技產業應用商機。</p>, 08/27 17:08 
23,《產業》觀光局疫後迎客 「台灣樂遊趣」多元體驗展打頭陣,<p>交通部觀光局「台灣樂遊趣」多元主題旅遊體驗展26日於華山文創園區連3天登場，將六大國際魅力景區整合四大多元主題旅遊，以虛實整合方式展現不同主題，為疫後觀光迎接國際旅客的到來預做準備，並歡迎國人搶先體驗國際景區魅力。</p><p>　為促進疫後觀光產業發展，加速整備觀光旅遊環境，觀光局特別打造大野柳皇冠海岸、東北角沙丘藝域、山中明珠日月潭、星動阿里山、探索東海岸．天堂島嶼及澎湖黃金海岸等六大國際魅力景區，開創國際集客引客的觀光旅遊新亮點力。</p><p>　觀光局表示，「台灣樂遊趣」系列活動由為期3天的「多元主題旅遊體驗展」揭開序幕，以六大國際魅力景區中的生態、文化、美食、樂活四大多元主題旅遊內容，搭配加拿大環保音樂家馬修連恩打造的生態之聲，打造沉浸式的空間體驗各地風光，展現多元的台灣面貌。</p><p>　「台灣樂遊趣」也同步推出網路活動「旅行台灣 食尚攝影師就是你」，民眾於活動期間至觀光局活動貼文下方留言，分享自己所拍攝的台灣美食照片，即可獲得抽獎資格，最大獎可獲得台鐵鳴日號一日遊，享受最Chill的樂活之旅。</p><p>　觀光局指出，後續將陸續推出「台灣樂遊趣」3場系列活動，9月15日起結合觀光局轄下13個國家風景區管理處所經營的17個觀光圈推出「觀光圈數位集章好好玩」活動，及「走跳寶島 定格美好 明信片DIY活動」。</p><p>　而9月20日起將展開「高級玩家 網路拼圖遊戲」等一系列抽獎活動，最大獎為國旅基金2萬元，精彩又好玩的活動輪番上陣，讓民眾能透過活動體驗多元的台灣旅遊。詳細活動內容及相關資訊可至「台灣樂遊趣」活動官網查詢。</p><p></p>, 08/27 15:09 
24,海關與國防部憲兵指揮部簽署 偵爆犬及緝毒犬培訓合作協議,<p>財政部關務署與國防部憲兵指揮部簽署推動偵爆犬及緝毒犬培訓合作協議，由關務署長彭英偉及憲兵指揮部副指揮官夏德宇代表簽署，雙方將持續透過海關犬隻轉訓及憲兵指揮部人才培育，共同合作建立訓練平臺，促進偵測犬相關實務與技術經驗交流，因應反毒、反恐及維安需求，共同守護邊境與國人健康及安全。</p><p>彭英偉時表示，海關與憲兵指揮部於2018年及2019年分別簽署偵爆犬及緝毒犬訓練合作協議書，該合作協議分別執行至2021年及2022年底，迄今已協助憲兵指揮部訓練9隻偵爆犬及16隻緝毒犬，雙方就執勤犬培育及訓練合作已建立良好默契。透過本次培訓合作協議書再次簽訂，相信可以持續有效嚇阻走私行為，打造無毒家園，並達「拒毒於海外、截毒於關口、緝毒於境內」目的。</p><p>夏德宇表示，關務署提供拉不拉多適訓犬隻供該部訓練為緝毒犬及偵爆犬，並協助訓練領犬員及訓練師，增益憲兵軍犬隊同仁職能與專業，朝更多元方向邁進。鑑於國內執勤犬及領犬專業人才培訓不易，為提升整體緝毒能量，除國防部原有訓練課程外，藉由關務署共享實務經驗與資源，並取得訓練師專業證照，對提升該部領犬員及執勤犬隻素質，具有正面意義。</p>, 08/27 14:56 
25,《百貨股》旺季到 集雅社今年業績可望連7年攀峰,<p>集雅社(2937)今年上半年每股盈餘為1.94元，年增49.23%，累計前7月合併營收為20.8億元，年增30.15%，集雅社財務長李伯昌表示，集雅社目前全台共有65家分店，隨著展店佈局成功，且下半年為百貨家電業旺季，預估今年營收、獲利可望連7年攀峰。</p><p>  集雅社為全台百貨通路市佔第一的家電通路商，集雅社表示，過去幾年「積極展店」是公司開創新局的重要策略之一，目前全台共有65家分店，隨著展店佈局的成功，推升公司過去6年營收及獲利連年成長、屢創新高動能，今年上半年雖然有本土疫情干擾，但集雅社業績表現亮眼，今年第2季稅後盈餘為2347萬元，年增28.11%，累計上半年稅後盈餘為7108萬元，年增49.45%，每股盈餘為1.94元；累計前7月合併營收為20.8億元，年增30.15%。</p><p>  集雅社表示，公司除持續進軍百貨及大型購物中心，維持百貨購物中心市占率外，也將積極以六都為主要拓展自有門市標的，由於現在消費者強調的是體驗消費，加上物聯網、智慧家電剛剛興起，因此許多國際大廠願意砸下資源與通路合作，透過互動性強的體驗行銷，與消費者有進一步的交流，加上智慧家電推升買氣，讓集雅社未來將更積極的與品牌合作，開設相關情境體驗門市，目前集雅社與SONY、LG、Samsung、Panasonic、HITACHI、SHARP等國際知名品牌都有合作智慧生活體驗館或品牌館，可望成為公司營運成長新動能。</p><p>  在未來發展的部分，集雅社表示，公司將持續朝線上、線下兩大塊來做經營。線下的部分，除了在百貨及大型購物中心持續展店外，未來也將在六大都會區積極拓展自有門市；線上部分，集雅社連續兩年的618檔期都有與蝦皮商城合作「集雅社蝦皮旗艦館」啟動電商購物節限時特賣活動，成效亮眼；後續各大電商檔期集雅社也會與電商平台合作推出不同的優惠活動搶市。另外公司也在8月起推出全新的會員集點優惠活動，希望藉此強化與消費者間的黏著度。</p><p>  面對9月即將開打的百貨周年慶，集雅社指出，公司相當看好今年的買氣，因此同步與東源物流和通達智能兩家大型物流公司合作，希望能用最快的速度、最好的服務，將消費者所購買的家電送到家。</p><p>  隨著展店佈局成功，且下半年為百貨家電業旺季，集雅社預估，今年營收、獲利可望連7年攀峰。</p><p></p>, 08/27 14:49 
26,美元指數衝高 弱日圓買盤湧現,<p>傑克森霍爾全球央行年會放鷹，美股道瓊重挫愈千點，美元指數8/26維持在偏高點的108.84，主要非美貨幣當中，歐元、英鎊腳很軟，日圓雖然弱勢、卻仍力撐在137.66，令市場驚訝的是，近周每每美元兌日圓過貶到135就出現多倉，買方看好日圓後續第四季回頭的潛在力道。</p><p>法國巴黎銀行財富管理投資團隊指出，隨著美國聯準會積極升息，較高的避險成本促使日本壽險公司降低美元計價投資的避險比率，帶給美元兌日圓偏強。同時，能源價格上漲及日本以美元支付進口費用的需求增加，導致日本貿易平衡持續惡化，持續為日圓帶來貶值壓力。</p><p>由於美元兌日圓短期內可能存在上行壓力，因此法國巴黎銀行財富管理對美元兌日圓的3個月目標為140。 </p><p>日本的實質GDP在2022年第二季年成長2.2％，其中內需占整體成長的3.8％，淨出口則貢獻0.2％，反映日本國內需求強勁反彈及出口穩健，庫存下降則拖累整體成長1.8％。法國巴黎銀行財富管理預計，2022年第三季的實質GDP年成長將放緩1.0％，主因從7月初開始，新冠疫情升溫使感染人數激增，使大眾對旅行和大型社交聚會抱持謹慎態度。</p><p>儘管全球需求疲軟，法國巴黎銀行財富管理仍認為日本的經濟復甦具有支撐力。即使日本在2022年第二季穩健成長後，私人消費水平仍未恢復至疫情前的水平。由於持續的供應鏈瓶頸，製造商尚未滿足大量缺貨訂單。因此，今年稍晚疫情消退後，日本政府可望採取進一步措施以實現疫情平衡，預期這些措施將增進家庭和企業的信心，進而增加疫情以來一直受到控制的消費和資本支出。</p><p>法國巴黎銀行財富管理預計，今年底前日本的通膨率將高於2％。在工資成長維持低迷的情況下，2023年下半年將回落至1％以下。</p><p>法國巴黎銀行財富管理預判，黑田東彥於2023年春季結束任期內，日本央行不會升息，但央行新領導層將把短期政策利率從-0.1％上調至0，以結束長期以來的負利率政策，並將10年期日本公債殖利率目標從 2023 年第四季的0上調至0.25％，以遏制長期寬鬆的副作用。儘管風險有提前調整可能，但法國巴黎銀行財富管理預計，日本最早不會在今年秋季之前採取行動。 </p><p>根據法國巴黎銀行財富管理的公允價值模型，與中期公允價值112 相比，目前日圓非常便宜。這種結構性低估顯示日圓將在中期上漲。因此，法國巴黎銀行財富管理預測美元兌日圓將在12個月內回到130。</p>, 08/27 14:40 
27,"新增25,621例本土個案及40死亡案例","<p>疫情指揮中心27日公布國內新增25,901例COVID-19確定病例，分別為25,621例本土個案及280例境外移入；另確診個案中新增40例死亡。</p><p>指揮中心表示，今日新增之25,621例本土病例，為11,493例男性、14,115例女性，13例調查中；年齡介於未滿5歲至90多歲以上；個案分布為新北市（5,539例），台北市（3,167例），桃園市（2,976例），台中市（2,952例），高雄市（2,076例），臺南市（1,545例），彰化縣（977例），新竹縣（767例），新竹市（733例），苗栗縣（653例），屏東縣（620例），宜蘭縣（567例），雲林縣（516例），花蓮縣（509例），基隆市（440例），南投縣（396例），嘉義縣（371例），台東縣（272例），嘉義市（271例），澎湖縣（132例），金門縣（119例），連江縣（23例）。</p><p>指揮中心指出，今日新增40例本土病例死亡個案，為22例男性、18例女性，年齡介於未滿5歲至90多歲以上，皆屬重度感染、38例具慢性病史、24例未接種3劑COVID-19疫苗。確診日介於今年5月15日至8月24日，死亡日期介於6月11日至8月24日。</p><p>指揮中心說明，今日新增280例境外移入個案中，為140例男性、140例女性；年齡介於未滿5歲至70多歲，分別自越南（29例），日本（10例），美國及泰國（各4例），菲律賓（3例），荷蘭、新加坡、英國及馬來西亞（各2例），印尼、德國、斯洛伐克及印度（各1例）移入，另218例感染國家調查中。入境日期介於今年7月22日至8月26日。</p>", 08/27 14:18 
28,《傳產》退燒 高雄這區房市買氣降溫竟高達7成以上,"<p>永慶房產集團根據六都各地政局建物買賣移轉棟數資料，觀察前7月六都房市交易表現，整體交易量合計為149,982棟，較去年同期152,051棟，衰退1.4%。且根據統計數據顯示，六都會區目前已高達22個行政區買賣移轉棟數下滑逾二成，其中高雄市橋頭區量能銳減71.2%最明顯，台南市新市區下滑56.5%居次，新北市鶯歌區年減54.0%位居第三。</p><p>  永慶房屋研展中心副理陳金萍表示，高雄市橋頭區，是六都中買氣降溫最明顯的行政區。去年因台積電設廠話題，成為眾所矚目的房市焦點，來自各地的置產、投資買盤持續湧進搶購，去年1-7月橋頭區買賣移轉棟數為1125棟，平均每月都有160件左右的交易量，主要受惠於大量的交屋潮挹注。在議題發酵下，區域房價不斷挑戰新高，去年1-7月住宅均價僅在18.0萬元/坪，但今年已來到23.8萬元/坪，漲幅高達32.2%，加上今年通膨、升息、疫情及房市政策影響下，建商已開始放緩推案速度，投資、置產族也有縮手跡象，自住客群面對央行連續升息和難以追趕的房價，也會更加琢磨思考購屋負擔，市場觀望氣氛濃厚，觀察今年橋頭區1至7月僅剩324件，近兩年買氣差距明顯。此外，若以縣市別作為區分，則是台南房市買氣轉淡最有感，已有6個行政區較去年同期下滑兩  成以上，包括新市區、仁德區、南區、六甲區、永康區及新營區。陳金萍指出，近年台南在重大建設、南科效應、科技大廠投資題材等利多因素帶動下，居住需求強勁，許多建商看好後市發展，積極搶進周邊低價蛋白區或新興重劃區，大舉獵地推案，同時也吸引不少投資客搶進卡位，甚至還出現建案秒殺的現象。房價也就在沸騰的買氣和資金的拉抬下持續攀升，但整體房價上漲過於快速，蛋白區房價已來到2字頭，造成剛性購屋者龐大的壓力，購屋決策速度紛紛放緩，今年1-7月買氣皆較去年同期疲軟，進入冷靜期，其中近備受矚目的交易熱區，如新市區、仁德區交易量縮皆已超過四成。</p><p></p>", 08/27 14:09 
29,《金融股》新光銀OU總開帳戶數突破22萬戶　新推一開四戶服務,"<p>新光金(2888)子公司新光銀行目前主打OU數位帳戶總開帳戶數已突破22萬戶，最新推出「一開四戶」的開戶服務，鎖定想開始參與股票投資，卻因時間成本太高而卻步的族群，提供減少繁複的全線上開戶流程。民眾透過一開四戶，同時開立證券投資所需的交割帳戶及銀行的存款帳戶，包含OU戶戶通數位證券存款帳戶、OU數位存款帳戶、OU外幣數位存款帳戶、信託帳戶。</p><p>　新光銀行表示，面對全球股市短期修正幅度大，不少投資人抱持巴菲特「在別人恐懼時我貪婪」的投資心法，選擇危機入市。除此之外，根據台灣證券交易所統計，6月台股證券累計開戶數達1,225萬人，其中新開戶人數中，21至30歲年輕族群就占了5成以上，顯示台股新進股民以年輕族群為主力，可見年輕族群對投資理財的意識提高。</p><p>　「一開四戶」除方便投資新戶在投資台股前，可將OU戶戶通設為交割帳戶外，還可享有OU數位存款帳戶的優利活儲，此服務也符合近年新光銀行推動無紙化、無接觸金融的訴求，避免紙本流程所產生的碳排量。若客戶有外幣資產配置或旅遊換匯的需求，使用OU外幣帳戶也有換匯減分的優惠，OU帳戶所提供的是全方位投資理財的金融服務。</p><p></p>", 08/27 13:49 
30,唐鳳談數位部跟產業連結 將減少產官磨合,<p>數位發展部今（27）日正式揭牌，首任數位部長唐鳳談及對產業界的連結，像是減少金管會跟金融科技業磨合，以及促進各行各業對於新興資安熟悉度，進而促進投資。</p><p>數位部27日上午揭牌後，唐鳳隨即與媒體進行交流。媒體問及，產業界很期待數位部成立後是否會針對金融科技進行數位轉型，有無相關規劃？</p><p>唐鳳表示，金管會如果是裁判，數位部就是教練，不會變成特許或是監管的單位。而在新興行動支付、跨竟平台方面，因為很了解這部分生態，常跟產業界朋友說，數位部可以直接跟監理機關討論，減少雙方使用語言跟價值磨合時間。</p><p>唐鳳說，數位部或是產業署進行溝通的時候，有轉譯能力，可以把把業界技術運用語言，轉成金管會很在意的金融股匯、社會價值等語言。</p><p>唐鳳也提到ESG很盛行，對環境有著正負面影響力，也可以貨幣化，跟產值做當量。當主管機關理解應用數位科技，將ESG量化具體貢獻，不是傳統投資多少錢賺多少錢，而是放大預算本身的治理價值，將抽象、技術性質應用，轉成ESG價值。未來會秉持這樣精神，讓他們明白新興技術不是壞的。</p><p>唐鳳也提到，資安產業歸在產業署，資安署工作則是聯防。資安在國內有很多很重要產業，新興產業跟招牌老字號產業需求非常密切，當新興資安出現，發現適用且值得推廣後，可從產業署出發，促進各行各業對於新興資安熟悉度，讓業者了解到這個投資將會非常值得。</p><p>唐鳳舉例，會在部會率先採用新的技術，反映實際需求跟問題，像是數位部很多人都是拿移動裝置或是筆電、ipad，不像傳統桌機直接進入內網，內外網區分做資安防守，導致移動載具每次登入，要重新驗證，現在用行動資安憑證，稍早也簽出第一份公文，解決移動辦公需求，證明在資安跟合規上有所配套，就可以逐步導入技術。</p><p>至於第一份公文內容？唐鳳說有關國發會公共政策網路參與平台的眾開講，會在專區進行30天討論對於危害國家資通安全產品，如果讓不特定人可以看的到、聽的到，有傳播能力產品，要不要比照接接到公務網路的資通安全產品一樣禁止。</p>, 08/27 13:45 
31,數位部爭取預算曝 唐鳳：增進資安韌性、強化隱私技術運用,"<p>數位發展部今（27）日正式揭牌，卻因先前曝光的明年度預算高達218億，引發爭議。數位部長唐鳳今不斷重申，大多為其他部會業務提撥，不過她也證實，數位部確實有提出新的計畫爭取預算，包含爭取增進資安韌性、強化隱私技術運用等。</p><p>數位部籌備工作小組26日指出，數位部明年所編列預算總額，為數位部含兩署公務預算約57億元，其中含各部會移撥業務與預算約32億元，數位部預算佔行政部門總預算2兆7,191億元約0.2％。加上第4期（112年到113年）前瞻基礎建設特別預算約160億餘元，約218億元。</p><p>數位部所編列的160億餘元前瞻預算中，多是由各部會移撥到數位部繼續執行的計畫，包括智慧城鄉服務、基礎建設環境、產業數位轉型、數位人才淬煉、縮短偏鄉數位落差、推廣數位公益服務等內容，並非為數位部成立所新編預算。</p><p>而據悉，數位部約有8成預算都是既有業務移撥，其中以NCC補助業者在偏鄉蓋基地台預算最大筆，數位部人事費跟基本維運僅約20億元，還有5億元是給數位部處理「新的問題」，像有關資安韌性等。</p><p>唐鳳27日證實此事，編列的預算包含強化資安性韌性，她也說增進資安韌性，不完全是資安署業務，部裡數位政府司必須跟資安署密切合作，才能做出為老建築重建、巡檢等全面檢視公務機關關鍵基礎設施。在資安方面精進，是新的企劃，將爭取薪的預算。</p><p>此外，唐鳳也說，除了陸海空韌性跟資安有關，還將多元部署通訊系統，建築在寬頻人權上，強調韌性跟可用性，數位產業署會提出新的前瞻計畫，鼓勵各界去運用數據跟公益性交換模式，在完全跟個資不相干狀態下，確保即時強化隱私技術運用。細節下周開始跟立法院委員溝通，會再作具體說明。</p><p>對於數位部首先推動業務，唐鳳說就是三發（社發、產發、突發），這也是三種韌性：社會韌性、產業韌性、跟應變韌性，是互相加強的，當數位標的能夠防止竄改、洩密阻斷等，才有價值，也才能推動，而當各行各業數位轉型後才能全民守望相助，建構全民數位韌性。</p><p>數位部在揭牌後面臨 《數位中介服務法》草案爭議，該如何拆彈也成為焦點。唐鳳對此僅說，涉及跨部會討論，將蒐集跟反映各界利害關係人，先前也拜託很多公協會。不過她也強調，行政院長蘇貞昌有說，沒有共識所以還不會推動，社會溝通工作很重要，未來會麻煩產業署負責這部分。</p>", 08/27 13:14 
32,數位部三波徵才 唐鳳：資安院成立更能提高待遇,<p>數位發展部今（27）日正式揭牌，首任部長唐鳳不斷對外徵才。她也透露，將分三波徵才，並表示年底資安研究院成立後，希望可把資通安全人力補足，也更具技術專業，敘薪會比部本部更具彈性，而第二波約聘人員「薪資會先打八折」。</p><p>唐鳳在數位部揭牌後與媒體進行交流，不少人好奇約聘人員比例，以及薪資標準。</p><p>唐鳳表示，資安署從資安處移撥，第一波招募很順利，會以事務官為主；第二波就是約聘人員，會由行政法人負責技術工作；資安院年底成立，就是第三波徵才，資安人才有專精技術、研究的話，在業界很搶手，徵才會比部本部更加彈性，移撥留任的公務人員也會有配套，一起提高待遇。</p><p>唐鳳說，接下來針對資安資訊相關質性者，不管移撥或是對外約聘，很快公文就會簽出去，方能看到徵才訊息，當然希望年底可以把資通安全人力補足。</p><p>唐鳳也坦言，之前業界也有討論到，第二波約聘人員薪資要打個八折，所以才要成立資安院，年底成立後會有新一波主要以技術專業的招募，從資安院來徵才。至於到時招聘人數，她說，現在無法講說資安院具體多少人，但會因應應變韌性為主。</p><p>唐鳳說，數位部約聘人員比例都是按照當初通過的組織法，數位部本部還有兩個署，各別最多可達100人，加起來300人，但她舉高速公路速限為例，不是速限300公里就要馬上達到，現在先以事務官為主，資安院成立會有更多民間好手加入。明年編制約聘員額幾十人，會慢慢增加。</p><p>今年度數位部核定598名員額中，部本部跟數位產業署與資通安全署各可約聘100人。官員先前即透露，約聘部分初步核定85人，在掛牌前會先徵20、30個職缺，聘用條件與其他部會不同，經驗比學歷更重要。唐鳳在今天揭牌典禮致詞時也說明，數位部可以用實戰資通安全經歷，折算學歷，不會碩博士才能來，敘薪更有彈性，歡迎各方好手加入，不看學歷只看戰力。</p>, 08/27 12:45 
33,《熱門族群》驅動IC拚明年回神 2檔股拚衝了,<p>電子消費性市場適逢通膨壓，面板驅動IC下半年旺季不旺拍板，不過，似乎也不用太悲觀，因為有法人認為，電視市場在2021年下半年就開始逐步進入庫存調整，是產業中最早開始修正的，故在歷經大幅度調節後，最快將有望在年底前落底，拚2023年重新回溫，預計聯詠(3034)、瑞鼎(3592)等大尺寸驅動IC出貨最快可在2023年重回成長軌道。</p><p>  有鑑於驅動IC產品報價相較其他IC設計晶片較低，且其所佔的晶圓產能並非多數晶圓廠的生產首要項目，2020年因疫情關係，刺激宅經濟需求湧現，明顯帶動NB、TV、Tablet等消費性電子產品對驅動IC需求，加上晶圓產能供不應求，刺激驅動IC晶片報價上揚。</p><p>  隨著時序進入今年，法人認為，由於疫苗加速施打與解封逐步開發，遠距需求明顯下滑，指標業者聯詠，第二季營收314.61億元，低於財測的345~358億元目標，顯示是受到手機與TV市場需求疲弱影響，展望第三季，預計在受到面板稼動率持續下降與三星砍單效應，客戶進入調整庫存階段將導致旺季不旺，且因為要反映晶圓代工成本上漲與報價下跌壓力，故無法完全轉嫁成本，也會衝擊到毛利率。</p><p>  消費性需求受總體經濟影響大幅下滑，宅經濟帶動的驅動IC供不應求，但自今年第一季起開始轉為供過於求，且2021年塞港及缺貨問題使品牌廠備貨積極，隨著問題緩解同時需求轉弱，使高庫存去化成為難題，預計將造成驅動IC售價將續跌至第四季，雖跌幅將因封測成本下降而趨緩，然而在需求未見起色前，僅能仰賴時間等待消費回溫，故下半年確定旺季不旺。</p><p>  只是，關注到這一大波段的驅動IC修正，其實是從大尺寸電視面板開始，在去年下半年就已經啟動，換言之，其相當有可能在今年年底完成修正後，於明年重新回溫，屆時相關個股聯詠、瑞鼎營運也將有機會重回軌道。</p><p></p>, 08/27 11:08 
34,數位部揭牌 唐鳳廣邀各方好手加入,<p>數位發展部今（27）日上午舉行揭牌暨部長布達典禮，總統蔡英文、行政院長蘇貞昌等貴賓親自蒞臨，共同見證我國數位發展的重要里程碑。數位部首任部長唐鳳表示，期許成為台灣數位發展的「馬達」，也廣邀各界好手，加入數位部。</p><p>數位部設置六司兩署，包含數位產業署（產業署）、資通安全署（資安署），以及數位策略司、韌性建設司、資源管理司、數位政府司、民主網絡司與多元創新司等，並將籌設行政法人「國家資通安全研究院」。</p><p>唐鳳於揭牌典禮致詞時強調，面對Web3時代，引用雙城記曾說，最好時代也是最壞時代，先進工具會聯想到詐騙、炒作等，但也有很多藝術創作者、影響力憑證、多元認證身分工具等正面用途，數位應用的好壞是看怎麼使用。</p><p>唐鳳說，數位部工作是要運用這些工具達到核心理念，達到全民數位韌性，在疫情、天災等挑戰情況中撐得住，也在在打擊中快速恢復，並從中學習強化體制，不做監理、特許或是數位極權老大哥，而是透過社發、產發、突發等「3發」，進行社會共榮、產業轉型、應變韌性，也是全民數位韌性基礎。</p><p>唐鳳說，數位部六個司，藉由基礎建設分配通傳相關數位資源等，深化政府數位應用、國際參與、多元資料運用，強化全民守望相助。數位產業署會協助各行各業因應各個產業挑戰，增強產業韌性，強化應變能力，各界因應各種突發問題。</p><p>唐鳳說，數位部英文是MODA，希望成為馬達，擔任踩油門腳色，連結公民跟技術，加速全民數位發展，實現數位國家願景。</p><p>唐鳳也說，年底將成立資安院，透過資安院持續向民間徵才，彈性用人機制希望吸引數位專長好手，約聘比例在各黨團期許下，比各個部會來的高。</p><p>唐鳳說，數位部可以用實戰資通安全經歷，折算學歷，不會碩博士才能來，敘薪更有彈性，歡迎各方好手加入，不看學歷只看戰力。</p><p>數位部揭牌暨部長布達典禮27日上午在延平南路辦公大樓前舉行，由蘇貞昌先頒授任命令並交予印信給唐鳳，蔡英文及多位貴賓於台下見證布達典禮。隨後由蔡英文、蘇貞昌等貴賓，與唐鳳一起為數位部揭牌，完成揭牌儀式並合影留念。</p><p>在完成儀式後，由唐鳳擔任導覽，陪同蔡英文與蘇貞昌一行參觀數位發展部辦公室，唐鳳並展示使用手機行動憑證簽核的數位部第一份電子公文，展現數位部率先引進數位技術進行示範的角色定位。</p><p>數位部說，各國駐台使節以及多名曾登上唐部長TaiwanPlus節目的國際友人，也特別錄製影片，祝賀數位發展部成立，包括美國在台協會台北辦事處處長孫曉雅、日本台灣交流協會代表泉裕泰、巴拉圭大使費卡洛，以及立陶宛經濟暨創新部部長Aurinė Armonaitė、YouTube創辦人陳士駿、日本網路之父村井純等人，影片陸續於數位部官網上線。</p>, 08/27 11:06 
35,數位部揭牌 蔡英文：資安就是國安盼成國際標竿,<p>數位發展部今（27）日正式掛牌，總統蔡英文、行政院長蘇貞昌等貴賓親自蒞臨，共同見證我國數位發展的重要里程碑。蔡英文表示，資安就是國安，會持續努力成為國際開放資料標竿。</p><p>蘇貞昌致詞時說，蔡英文選第一任選總統時，說要讓台灣成為數位國家、智慧島嶼，連任成功說要成立數位部，一直很努力進行各方面籌備，各部會也把相關業務做整合盤點。今天數位部正式掛牌成立，是令人興奮時刻、好的階段開始，讓台灣真正成為數位國家、智慧島嶼。</p><p>蘇貞昌也說，希望新的部會成立時，各部會可以再一次盤點交代原有業務移撥，達到有政府會做事，不能有哪個業務管不到、做不好。</p><p>蔡英文致詞時表示，台灣邁向數位國家、智慧島嶼，是執政團隊最重要目標之一。2020年就職時提出組織改造重要性，包含成立專責數位發展部會，提升政府治理、國家發展需求。</p><p>蔡英文說，今天兌現這個承諾，台灣成為全世界少數擁有數位專職部會的國家，也是台灣落實數位轉型里程碑，打造國家數位韌性關鍵動力。數位部將會整合資訊、資安、電信、傳播、網路等五大領域業務內容，相信可以做為國家數位轉型引擎，強化全民協力，共創共榮，為台灣打造更完善數位發展環境。</p><p>蔡英文說，政府強化整體數位基礎建設和制度願景，在這基礎之上，開創更多數位創新可能性，透過提供豐富多元即時開放資料，讓數據運用發揮更大價值。未來數位轉型會貢獻全球過半經濟成長，數位產業署任務協助企業加快落實數位轉型。</p><p>蔡英文也說，台灣高達九成是中小企業，更需要透過政府整合資源，有計畫提出相關協助，更要正式發展趨勢，近期國際情勢顯示複雜多變資安威脅已經無所不在，因應境外勢力進行複合式的資訊作戰，要打造更高層級國家資安聯防體系。</p><p>至於資通安全署，蔡英文說兼顧統合管理，執行資安防護跟演練作業，培訓資安人力等重任。年底還會成立資安院，精進強化資安相關技術研究，提升國家整體資安防護體系。</p><p>蔡英文指出，面對這些挑戰，強調資安就是國安。強化政府公開資訊公益性，促進政府民間公私協力，提高應變能力，會持續努力成為國際開放資料標竿，促進更多跨國協力，共同透過數位治理，優化民主治理。</p><p>蔡英為說，今天只是起點，未來台灣會持續在數位領域不斷進步，邁向民主典範、智慧國家願景。</p>, 08/27 10:57 
36,《其他電子》貿聯-KY上半年EPS為11.46元 今年營運目標不變,<p>貿聯-KY(3665)上半年每股盈餘為11.46元，通膨升息及泛產業高庫存待去化讓電子產業傳統旺季蒙塵，貿聯-KY看好工廠自動化、資本設備、高效能運算及電動車等長期動能，預期今年下半年有望逐季成長，貿聯-KY表示，今年營運目標未變。</p><p>  貿聯-KY第2季合併營收為139.63億元，季增19.68%，年增99.02%，創下單季歷史新高，營業毛利為36.25億元，季增27.27%，年增117%，單季合併毛利率為25.97%，營業淨利為16.34億元，季增80.51%，年增116.44%，稅後盈餘為11.72億元，季增109.85%，年增112.72%，單季每股盈餘為7.68元；累計上半年營業毛利為64.74億元，營業淨利為25.39億元，歸屬於母公司業主淨利為17.31億元，每股盈餘為11.46元。</p><p>  貿聯-KY將工廠自動化、資本設備、高效能運算及電動車定義為公司長期成長動能，今年第2季佔營收比重已達35%到40%。</p><p>  就各產業來看，貿聯-KY表示，工業應用產品主要資本設備客戶的訂單持續增加，尚未有訂單削減或推遲的情況；資訊數據周邊設備客戶有持續從貨艙拉貨，將調整庫存以應對需求預測的放緩可能性，而高效能運算客戶的需求有顯著增長。</p><p>  在車用及電器方面，由於中國廠區的停產，整體電動車訂單較上一季有下降，但已完全恢復產能。新創電動車品牌客戶的出貨量有明顯增加；鑑於烏克蘭及俄羅斯持續的衝突，電器客戶對於前景預測已下調。</p><p>  貿聯-KY表示，公司已經將所有與收購INBG相關所有一次性整合成本估列入帳，INBG部分產品類別已收到2023年的訂單，但目前仍無法滿足所有客戶的訂單需求，供應鏈短缺的問題造成不斷累積的積壓訂單。</p><p>  貿聯-KY前7月合併營收為306.29億元，年增97.97%，貿聯-KY看好工廠自動化、資本設備、高效能運算及電動車等長期動能，貿聯-KY預期今年下半年有望逐季成長，今年營運目標未變。</p><p></p>, 08/27 10:18 
37,數位部今揭牌！預算、約聘人數惹議 蘇揆：依法行政,"<p>數位發展部今（27）日正式揭牌。對於數位部明年總預算達218億、約聘人員占一半，引發在野黨質疑，行政院長蘇貞昌強調，其中有160億是各部會移撥，人員也都是依法行政。</p><p>蘇貞昌27日出席數位部揭牌活動，接受媒體聯訪時表示，數位部成立開始許多業務經費其實是來自其他部會移撥、移轉，其中160億是前瞻預算，數位部自己預算相當少。</p><p>至於相關人員聘用，蘇貞昌表示都在組織法有規定，有鑑於數位人才來自於民間，特別活化晉用，各黨派都明文規定可以聘用民間各方人才，且都經歷法院三讀通過，都是依法行政。</p><p>數位部籌備工作小組26日指出，數位部明年所編列預算總額，為數位部含兩署公務預算約57億元，其中含各部會移撥業務與預算約32億元，數位部預算佔行政部門總預算2兆7,191億元約0.2％。加上第4期（112年到113年）前瞻基礎建設特別預算約160億餘元，約218億元。</p><p>籌備工作小組表示，前瞻特別預算總額8,400億元與預算用途已經立法院三讀通過，分期編列。數位部所編列的160億餘元前瞻預算中，多是由各部會移撥到數位部繼續執行的計畫，包括智慧城鄉服務、基礎建設環境、產業數位轉型、數位人才淬煉、縮短偏鄉數位落差、推廣數位公益服務等內容，並非為數位部成立所新編預算。</p>", 08/27 10:17 
38,《台北股市》投信連續第10週站在買方 資金轉向中小型股票,<p>本週台股中止週線連七紅，週線收黑下跌130.34點，跌幅-0.85%，本週日均量也在國際央行年會前夕降至1887.49億元。 在法人方面，外資賣超台股週數推進至第四週，且本週賣超金額再擴大至369.89億元，累計外資今年迄今賣超台股金額持續改寫歷史新高，達1.04兆元;台股仍由投信法人獨挑大樑，本週持續買超76.26億元，不僅連續第十週站在買方，投信這波連續買超台股天數累計已達46天。7月以來，櫃買市場連16個交易日站穩5日線之上，成為台股多頭主力。</p><p>　PGIM保德信科技島基金經理人孫傳恕指出，本週台股日均量明顯下滑，除了這波反彈走勢彈幅已來到滿足點，市場也在等待本週登場的傑克森洞(Jackson Hole)全球央行年會，特別是美國聯準會主席鮑爾對於抑制通膨與升息的態度，將左右全球投資情緒以及資金動向。除了央行年會，目前市場剛好處於訊息空窗期，而最具題材、9月即將舉辦發表會推出新品的蘋果供應鏈，在銷售展望看升帶動下，成為近期的盤面焦點族群，市場特別關注iPhone 14銷售狀況，首批備貨量有望達9000萬台，且高階機種無懼下半年消費性電子產品銷售動能疲軟影響，售價有機會調漲10%至15%，對照非蘋陣營智慧裝置銷量下滑，更增添蘋概股投資熱度。 </p><p>　由於貨幣政策變動等不確定性未除，短線市場多空交雜壓抑大盤上檔動能，較不占權值的中小型股相對具有發揮空間，有利相關基金績效表現。</p><p>　復華中小精選基金經理人沈萬鈞表示，美股企業財報公布告一段落，降低基本面不確定性，惟升息議題再度成為干擾大盤走向的變數，在成交量萎縮、外資賣多於買的狀況下，壓抑權值股表現，反觀中小型股較不占權值，加上之前修正幅度較大，吸引本土資金回補，相對較有表現機會，若要逢低佈局建議以長期產業趨勢能見度佳、受庫存影響較低之如電動車供應鏈等產業題材，或者即將有新品發表的蘋果供應鏈。</p><p>　沈萬鈞表示，目前市場氣氛面仍偏多，若後續利率走升幅度趨緩，將有利科技股等成長題材評價持續修復，惟因應接下來貨幣政策變動等風險，建議透過分批或定時定額布局，掌握反彈契機並平衡波動風險</p><p></p>, 08/27 09:38 
39,中租太陽能獲利占比逐增 成中租台灣主要成長動能之一,<p>中租控股旗下太陽能廠不但是台灣第一大，太陽能獲利也逐季提高中，已成為中租台灣主要獲利成長動能之一，中租控股董事長陳鳳龍表示，中租控股已從設太陽電廠，進入到發展儲能及售電階段，並已完成三筆售電。</p><p>中租控股在26日舉行上半年營運法人說明會，中租控股在綠能發展則是法人關注的焦點。</p><p>中租控股獲利中，來自太陽能獲利占比已逾一成，已成為台灣獲利主要來源之一，中租控股董事長陳鳳龍表示，中租控股已從設太陽電廠，已進入到發展儲能及售電，目前已達到400萬瓦，已有10％市占。至於售電的部分，已完成3筆售電但還未達公告時間，其中有二筆是賣給二大企業（目前還不能公布），等到可以公布即會公告；另一筆是賣給中租集團本身，中租控股至2030年，台灣辦公室有百分之五十會用綠電。</p><p>至於售電對中租控股獲利影響，陳鳳龍說，若假設售電超過蠆售價格10％，可以使內部報酬率（IRR）提高1％；超過20％，即可使IRR提高2％</p><p>陳鳳龍表示，經過半年營運之後，台灣部份是營運成長目標15％，甚至可以追求更高的目標，東協年初預估20％，今年成長率可以期待，然因大陸封城比原來的期待略長且部份地區持續清零，目前要追求更高成長仍不足，因此向下修正為10％。</p>, 08/27 09:37 
40,本土商力麗與經部簽約   海峽風場搶下離岸二階名單最末席,<p>桃園麗威風場去年有飛安疑慮，遭經濟部剔除資格。本土商力麗今宣布，旗下位在彰化外海的海峽風場，已經以其中的300MW容量完成遞補，月中與經濟部完成行政契約簽署，正式擁有風場開發權，將趕2025年底完工併網。</p><p>麗威風場屬於政府離岸風電第二階段潛力場址5.6GW中的入選名額，但因後來民航局跳出指影響桃機飛安出局。歷經多次審查，力麗日前其實已拿到遞補資格，卻直到今天才正式宣布。</p><p>負責主導力麗集團綠色能源的天方能源董事長甘正智表示，與力麗合作的GIP（全球基礎建設合夥基金）是一家基礎建設投資基金公司，總部位在美國紐約。今年五月因GIP集團併購德國wpd旗下離岸風電事業，必須獲得經濟部同意。在經過數次審查會議，確定這是國際上常見的企業併購案後，才讓行政契約簽訂順利完成。</p><p>海峽風電籌備4年多，總裝置容量約為600MW，風場面積為73.8平方公里，離岸最近處約14公里，風速每秒約8公尺。核配的300MW在併網發電後，每年可貢獻11億2500萬度電，可供30萬戶家庭使用。 </p><p>力麗集團總裁郭銓慶表示，身為台灣本土第一家傳產集團的離岸風電開發商，儘管未來仍可能面對疫情干擾、物價上漲、國際局勢變化等諸多挑戰，力麗與GIP集團已做好準備，對於在時程內完成併網使命，深具信心。</p><p>力麗也強調，取得300MW容量後，將再和GIP聯手，積極參與政府年底的第三階段離岸風電區塊開發競標，爭取另外的300MW容量。</p>, 08/26 23:34 
41,美股年底前可望震盪向上 將帶動REITs走升,<p>美國通膨可能在第三季達高峰後開始下降，聯準會鷹派預期將下降，儘管仍有震盪，但投信法人預估，今年股市低點已過。此外，預期美國經濟將會走緩至年底，但隨著庫存去化與通膨下降，加上就業與薪資水準仍良好下，美國經濟將軟著陸，衰退機率不大，在升息趨緩及基本穩健下，預期股市下檔風險有限，美股年底前將震盪向上，也將帶動REITs股價走升。</p><p>台新北美收益資產證券化基金經理人李文孝表示，美國REITs獲利明確度高，租賃與租金仍處在擴張階段，第二季企業財報佳，有高達72％的企業超越預期，較前一季的63％大幅上升，並有近七成的企業調高全年獲利展望，主流產業成長力道依舊強勁，受經濟影響幅度輕微。</p><p>目前美國REITs股利率彈升至4％，加上仍處折價，深具吸引力。就產業別分析，物流中心第二季表現維持熱絡，另外，全美住宅租金6月年增率13.7％，第二季上揚14.6％，下半年租金成長預估8～12％，明年預估仍有5～8％成長空間。</p><p>野村全球不動產證券化基金經理人李雅婷表示，預估今年在疫情獲得控制的情況下，不動產今年度獲利可望成長11％，目前產業評價面相對私有不動產、債市及股市都便宜。</p>, 08/26 21:03 
42,大陸擴大需求 長線陸股看好,<p>大陸在防疫政策維持動態清零定調後，市場最為關注的還是房地產問題，目前「保交樓」和「穩民生」仍然是地產領域的關鍵任務，因此停貸事件將可望緩解，當前房地產問題處於逐漸趨穩階段，政治局會議整體延續先前政策落實的基調，預計重點在綜合施策擴大有效需求，長線陸股仍看好。</p><p>台新中國精選中小基金經理人游欣穎指出，疫情、房地產等不確定因素將有望逐步緩解，配合政策持續推出，經濟穩步復甦情勢不變，但近期海外市場風險加大，包括美國經濟面臨技術性衰退、中美關係變化，都將促使陸股短期呈現震盪格局。但展望中長期，經濟底部復甦邏輯不變，且20大後，有望端出政策紅利，A股中長期趨勢仍不看淡，建議短期回調後仍可趁勢布局。</p><p>野村中國機會基金經理朱繼元表示，大陸經濟已步上復甦軌道，高層亦有經濟成長目標壓力，由於在10月20大會議前推出重大刺激政策的機率不高，預期會議結束後，股市可望在基本面好轉及刺激政策重新推出的帶動下，重回多頭行情。目前看好長期趨勢明確的新能源產業如電動車、風電、太陽能等，以及受惠疫情解封的消費類股與具政策支持的國產半導體產業。</p>, 08/26 21:03 
43,終結週K連7紅 法人：台股進入實質基本面下修階段,<p>今日台股加權股價指數收在1萬5278.44點，較上週下跌130.34點、0.85％。終結週K連7紅局面。群益長安基金經理人王耀龍指出，之前市場是反應評價下修的拉回，現在已經進入實質基本面下修的階段，台股反彈接近壓力區，中秋變盤機會大增，回檔才能把空間拉大，從而進入選舉行情。</p><p>外資今年以來累計賣超台股金額將近一兆，大型權值股賣壓相對大，中小型個股為主的櫃買指數，表現相對佳。</p><p>王耀龍表示，本土疫情降溫，開放邊境指日可待，旅遊商機再起，加上波音及空中巴士皆釋出不錯的展望，航空、解封產業值得留意。長線看好蘋概股、光學、低軌道衛星、光通訊概念股、ESL、電動車、車用零組件、網通等相關類股。</p>, 08/26 21:02 
44,巴菲特指標助趨吉避凶 建立量化指標投資人進退有據,<p>抱股或存股如何規避風險避免抱上又抱下，巴菲特指標協助提醒市場可能面臨修正風險，避免存股遭受市場波及。</p><p>存股族或波段投資人投資時，常見市場修正波動回吐了獲利或侵蝕了本金。如何適時保護手中的股票部位？寶錸投顧總經理鄭琮寰指出，投資人不妨利用所謂巴菲特指標監控市場，指標居高反轉時，適時做些避險來保護自己的持股部位。</p><p>鄭琮寰指出，統計過去十年來，股市市值與GDP比值居高後回落，次月大盤指數下跌的機會相當高，統計共有21次其中20次指標居高回檔後，次月指數都以下跌作收。今年的3月、5月指標高檔回落，4月與6月台股也以跌勢收場。</p><p>鄭琮寰指出，股市市值與GDP佔比其實隱含著股價的表現是否和基本面脫鉤，比值越高表示股價越貴，隨後市場容易發生修正，投資人可藉此作為監控市場的依據，並制定自己投資避險的方式。</p><p>不過，他指出，運用這種方式也有兩個盲點，其一是GDP是動態性的，一但GDP大幅成長，指標不易即時反應則會誤判股價過高，例如2020年台灣GDP呈現成長態勢；另一是，指標回落後也代表股市可能修正過，較難反映出及時進場的時機，因此鄭琮寰建議，投資人對於巴菲特指標主要運用於避險策略。</p><p>寶錸投顧建議，投資人理財屬性以及方式多有不同，為了確保資產能穩健增值就得適時規避風險；投資人應建立屬於自己觀盤的指標，協助自己交易的紀律。</p>, 08/26 20:58 
45,兆豐銀行國際專業CFP再傳捷報 理財規劃顧問認證成績表現亮眼,"<p>兆豐銀行衝刺財富管理，大手筆祭出補助培育理財規劃顧問，以提升財富管理專業能力，在8月26日臺灣理財顧問認證協會所舉辦的CFP與AFP授證典禮中，兆豐銀行再添8位取得認證，成績表現亮眼。</p><p>「國際認證高級理財規劃顧問」(Certified Financial Planner,CFP)是國際財富管理規劃的專業認證，經國際理財規劃顧問認證協會總會嚴格規範，須完成六項專業教育訓練共240小時課程，並取得AFP綜合科目考試通過資格後，才能參加CFP證照考試，且需具備3年理財規劃相關工作經驗，通過後始取得認證資格，故取得資格之理財規劃顧問，代表其具備服務高資產客戶、風險與保險規劃、稅務規劃、投資規劃、退休金與財產規劃及全方位理財規劃等金融專業跨領域核心技能。</p><p>為深化高端理財客群專屬服務，兆豐銀行於2021年4月26日起開辦高資產業務，並致力於培育CFPR金融專業人才，近期更積極培訓高齡金融規劃顧問師、家族信託規劃顧問師及高資產財富管理人才，參訓人次近300人。</p><p>為持續提升服務品質，兆豐銀行更積極參與臺灣理財顧問認證協會「CFP義工相關活動」，推動金融知識宣導，建立民眾正確的理財觀念，不管是在財富管理或公益服務，兆豐銀行秉持多一分同理心，讓服務多一分溫度，亦獲得協會感謝狀肯定。</p><p>此外，兆豐銀行精心制定理財客戶服務禮儀，以溫暖、貼心的專業服務，為客戶提供全方位理財規劃，實現客戶樂活人生及資產傳承目標，體現客戶對兆豐銀行的認同與價值。</p>", 08/26 20:57 
46,企業E起來 華銀ESG線上講座迴響熱烈,"<p>為協助中小企業了解永續發展的核心，華南銀行與台灣中小企業聯合輔導基金會攜手合作，於8月25日辦理「企業E起來 解開ESG關鍵密碼」線上講座，邀請在永續議題方面富有盛名的台灣科技大學管理學院副院長郭財吉專題演講，吸引逾360家中小企業、550人以上參與，同時透過提問互動，讓參與者更進一步瞭解ESG對於中小企業的影響以及未來發展的方向。</p><p>郭財吉指出，政府目標是在2050年達到淨零碳排，也訂定了上市櫃公司溫室氣體盤查揭露時程，俾利企業遵循配合，企業可以考量本身在產業供應鏈的定位，透過「科學基礎減量目標倡議」（Science Based Targets Initiative, SBTi）指引建立減碳目標，利用提升效能、循環經濟、使用綠色能源等多重方式進行碳排減量。</p><p>主辦單位華南銀行長期協助企業接軌ESG，以自身金融業核心業務及價值為基礎，於授信流程中積極回應相關議題，與企業共同實踐永續發展；另外，為接軌國際，華南銀行已簽署赤道原則，未來會將氣候變遷風險與永續會計原則，編入風險管理政策及編製準則中，使ESG資訊更加公開及透明。</p><p>截至2022年6月底，華南銀行投資綠色債券、社會責任債券及可持續發展債券，合計金額已達149億元，綠色產業授信餘額逾3,600億元，ESG聯貸金額也超過300億元以上，充分展現對政府綠色金融政策的支持。</p><p>展望未來，華南銀行也將持續結合相同理念之企業，共同實踐企業社會責任，透過金融影響力持續促進環境永續發展，以支持客戶達成ESG目標，朝永續經營企業邁進。</p>", 08/26 20:54 
47,緯創以AMR產業技術安全標準 開發機器人Wifundity,<p>緯創攜手工研院、自主移動機器人聯盟，共同發布首份AMR產業技術安全標準，緯創AMR團隊並以此開發出Wifundity 自主移動機器人，獲「2022台灣精品獎」。</p><p>Wifundity 提供軟硬體整合與全智能解決方案，透過專業用服務型AMR平台架構，以通用模組化的彈性優勢，與各專業領域系統整合商合作，推出適用於不同面向、多元場域的功能應用，在日益複雜且多工型任務導向的場域中，讓營運的效益最大化，工作人員只要專注於更能提升價值的任務上，建構完整的智慧自動化服務生態圈，加速各個產業客戶共同開啟智慧升級並落實企業ESG政策。</p><p>Wifundity自主移動機器人，上層為功能性的應用平台，下層則是通用自主移動平台，可依不同任務部署或調整替換，從成本及作業現場調度而言，都具最彈性化的升級優勢，並以視覺化網頁管理系統平台讓一般使用者都能輕鬆學習上手，以因應敏捷化的商機趨勢或不可預期的作業調度需求。搭載光達、3D攝影鏡頭、超音波及紅外線感測器，安全導向的設計思維，可自主判斷環境特徵，自動導航定位與避障，達到安全無虞的作業環境。</p><p>依據工研院積極擘畫之「2030技術策略與藍圖」，緯創將持續在永續環境應用領域中，因應當前產業與未來市場趨勢，結合機械、電子、資通訊、AI人工智慧等跨領域的研發優勢</p>, 08/26 20:52 
48,台股反攻 台股基金看漲,"<p>美國財報季度調整、台海兩岸情勢等變數告一段落，近期台股持續反攻。投信法人指出，台股基本面仍佳，且台股市場經歷多空循環，只要採取紀律選股、搭配彈性調節與聚焦趨勢成長題材，可鎖定長青樹型或具備趨勢型的台股基金。</p><p>兆豐第一基金研究團隊指出，目前持續看好受惠升息循環後的金融股，特別偏重銀行股的利多面；綠能產業站穩全球政策關鍵地位，各國政府與企業持續推動綠能政策與產品營運模式，也持續看好生技、航太及新能源類股。另外，大陸政策汽車購置稅減半、新能源車購置稅補貼延長，後續建議將逢低布局汽車零組件題材，將有長線發展機會。</p><p>台新中國通基金經理人魏永祥表示，整體而言，即使下半年科技股面臨庫存調整，恐有旺季不旺風險，但6月台股已大幅修正，融資餘額亦大幅減碼，除非出現重大系統風險，否則14,000點支撐性仍強，預期下半年仍有次產業或個股表現的機會。類股操作上，看好族群中，電子股以晶圓代工、IC設備、IC載板、光電、網通、電子零組件等為主；傳產股以紡織、生技、解封受惠等族群為主。</p>", 08/26 20:43 
49,市場仍存高度不確定性 多元配置最安心,<p>7月聯準會會議持續升息，為避免通膨預期回升，市場預期聯準會官員後續談話內容仍將偏向鷹派，且目前就業與薪資成長卻未見溫和降溫，顯示通膨走向仍未明朗，使市場升息預期仍存高度不確定性，此時投資人可採取多元配置，降低風險。</p><p>日盛目標收益組合基金研究團隊表示，美國不至於走入衰退論點，主因實質性衰退要看的指標很多，現階段建議在布局上不追高，在全球經濟受到升息利空下尋找底部，核心投資部位宜採穩健策略、建議投資以組合平衡型採多元方式布局為宜。</p><p>群益潛力收益多重資產基金經理人徐煒庠表示，近期行情浮現的築底跡象關鍵點在於通膨降溫的預期共識，同時經濟動能軟著陸的機會尚未消失，後續仍持續關注企業獲利與消費者動能，及聯準會點陣圖提供的中性利率預期路徑，短期行情對於經濟風險的疑慮料將持續影響資產價格維持較大波動風險。</p><p>整體而言，仍建議採股優於債的配置策略，長期而言股票依舊是抗通膨最佳資產，建議可以美股作為主流核心配置，適度搭載優質收益資產，以兼顧資本利得報酬與息收，也平衡投資組合波動，在機會與風險並存的環境中穩健因應。</p>, 08/26 20:42 
